Country Code,Country Name,Gender,Date,Unemployement Rate
AUS,Australia,ALL,01/01/00,6.77
AUS,Australia,ALL,02/01/00,6.62
AUS,Australia,ALL,03/01/00,6.57
AUS,Australia,ALL,04/01/00,6.38
AUS,Australia,ALL,05/01/00,6.42
AUS,Australia,ALL,06/01/00,6.12
AUS,Australia,ALL,07/01/00,5.95
AUS,Australia,ALL,08/01/00,6.05
AUS,Australia,ALL,09/01/00,5.96
AUS,Australia,ALL,10/01/00,6.01
AUS,Australia,ALL,11/01/00,6.26
AUS,Australia,ALL,12/01/00,6.24
AUS,Australia,ALL,01/01/01,6.14
AUS,Australia,ALL,02/01/01,6.5
AUS,Australia,ALL,03/01/01,6.46
AUS,Australia,ALL,04/01/01,6.78
AUS,Australia,ALL,05/01/01,6.89
AUS,Australia,ALL,06/01/01,6.93
AUS,Australia,ALL,07/01/01,6.88
AUS,Australia,ALL,08/01/01,6.88
AUS,Australia,ALL,09/01/01,6.84
AUS,Australia,ALL,10/01/01,7.19
AUS,Australia,ALL,11/01/01,6.88
AUS,Australia,ALL,12/01/01,6.86
AUS,Australia,ALL,01/01/02,6.91
AUS,Australia,ALL,02/01/02,6.54
AUS,Australia,ALL,03/01/02,6.43
AUS,Australia,ALL,04/01/02,6.35
AUS,Australia,ALL,05/01/02,6.37
AUS,Australia,ALL,06/01/02,6.5
AUS,Australia,ALL,07/01/02,6.18
AUS,Australia,ALL,08/01/02,6.35
AUS,Australia,ALL,09/01/02,6.31
AUS,Australia,ALL,10/01/02,6.13
AUS,Australia,ALL,11/01/02,6.16
AUS,Australia,ALL,12/01/02,6.18
AUS,Australia,ALL,01/01/03,6.08
AUS,Australia,ALL,02/01/03,5.96
AUS,Australia,ALL,03/01/03,6.13
AUS,Australia,ALL,04/01/03,6.03
AUS,Australia,ALL,05/01/03,6.07
AUS,Australia,ALL,06/01/03,6.06
AUS,Australia,ALL,07/01/03,6.13
AUS,Australia,ALL,08/01/03,5.82
AUS,Australia,ALL,09/01/03,5.78
AUS,Australia,ALL,10/01/03,5.78
AUS,Australia,ALL,11/01/03,5.66
AUS,Australia,ALL,12/01/03,5.68
AUS,Australia,ALL,01/01/04,5.53
AUS,Australia,ALL,02/01/04,5.64
AUS,Australia,ALL,03/01/04,5.44
AUS,Australia,ALL,04/01/04,5.51
AUS,Australia,ALL,05/01/04,5.34
AUS,Australia,ALL,06/01/04,5.46
AUS,Australia,ALL,07/01/04,5.55
AUS,Australia,ALL,08/01/04,5.52
AUS,Australia,ALL,09/01/04,5.37
AUS,Australia,ALL,10/01/04,5.12
AUS,Australia,ALL,11/01/04,5.16
AUS,Australia,ALL,12/01/04,5.07
AUS,Australia,ALL,01/01/05,5.07
AUS,Australia,ALL,02/01/05,5.09
AUS,Australia,ALL,03/01/05,5.16
AUS,Australia,ALL,04/01/05,5.12
AUS,Australia,ALL,05/01/05,5.1
AUS,Australia,ALL,06/01/05,4.95
AUS,Australia,ALL,07/01/05,4.97
AUS,Australia,ALL,08/01/05,4.9
AUS,Australia,ALL,09/01/05,5
AUS,Australia,ALL,10/01/05,5.02
AUS,Australia,ALL,11/01/05,4.94
AUS,Australia,ALL,12/01/05,5.07
AUS,Australia,ALL,01/01/06,5.16
AUS,Australia,ALL,02/01/06,5.11
AUS,Australia,ALL,03/01/06,4.87
AUS,Australia,ALL,04/01/06,4.97
AUS,Australia,ALL,05/01/06,4.8
AUS,Australia,ALL,06/01/06,4.81
AUS,Australia,ALL,07/01/06,4.66
AUS,Australia,ALL,08/01/06,4.71
AUS,Australia,ALL,09/01/06,4.67
AUS,Australia,ALL,10/01/06,4.46
AUS,Australia,ALL,11/01/06,4.52
AUS,Australia,ALL,12/01/06,4.57
AUS,Australia,ALL,01/01/07,4.56
AUS,Australia,ALL,02/01/07,4.64
AUS,Australia,ALL,03/01/07,4.46
AUS,Australia,ALL,04/01/07,4.39
AUS,Australia,ALL,05/01/07,4.26
AUS,Australia,ALL,06/01/07,4.32
AUS,Australia,ALL,07/01/07,4.25
AUS,Australia,ALL,08/01/07,4.3
AUS,Australia,ALL,09/01/07,4.21
AUS,Australia,ALL,10/01/07,4.33
AUS,Australia,ALL,11/01/07,4.43
AUS,Australia,ALL,12/01/07,4.31
AUS,Australia,ALL,01/01/08,4.22
AUS,Australia,ALL,02/01/08,3.98
AUS,Australia,ALL,03/01/08,4.06
AUS,Australia,ALL,04/01/08,4.27
AUS,Australia,ALL,05/01/08,4.27
AUS,Australia,ALL,06/01/08,4.24
AUS,Australia,ALL,07/01/08,4.25
AUS,Australia,ALL,08/01/08,4.02
AUS,Australia,ALL,09/01/08,4.29
AUS,Australia,ALL,10/01/08,4.29
AUS,Australia,ALL,11/01/08,4.46
AUS,Australia,ALL,12/01/08,4.57
AUS,Australia,ALL,01/01/09,4.91
AUS,Australia,ALL,02/01/09,5.31
AUS,Australia,ALL,03/01/09,5.71
AUS,Australia,ALL,04/01/09,5.51
AUS,Australia,ALL,05/01/09,5.81
AUS,Australia,ALL,06/01/09,5.86
AUS,Australia,ALL,07/01/09,5.67
AUS,Australia,ALL,08/01/09,5.72
AUS,Australia,ALL,09/01/09,5.66
AUS,Australia,ALL,10/01/09,5.62
AUS,Australia,ALL,11/01/09,5.56
AUS,Australia,ALL,12/01/09,5.49
AUS,Australia,ALL,01/01/10,5.27
AUS,Australia,ALL,02/01/10,5.3
AUS,Australia,ALL,03/01/10,5.42
AUS,Australia,ALL,04/01/10,5.5
AUS,Australia,ALL,05/01/10,5.23
AUS,Australia,ALL,06/01/10,5.14
AUS,Australia,ALL,07/01/10,5.29
AUS,Australia,ALL,08/01/10,5.03
AUS,Australia,ALL,09/01/10,5.05
AUS,Australia,ALL,10/01/10,5.29
AUS,Australia,ALL,11/01/10,5.11
AUS,Australia,ALL,12/01/10,4.88
AUS,Australia,ALL,01/01/11,5
AUS,Australia,ALL,02/01/11,4.98
AUS,Australia,ALL,03/01/11,4.93
AUS,Australia,ALL,04/01/11,4.96
AUS,Australia,ALL,05/01/11,5.01
AUS,Australia,ALL,06/01/11,4.92
AUS,Australia,ALL,07/01/11,5.09
AUS,Australia,ALL,08/01/11,5.27
AUS,Australia,ALL,09/01/11,5.22
AUS,Australia,ALL,10/01/11,5.19
AUS,Australia,ALL,11/01/11,5.23
AUS,Australia,ALL,12/01/11,5.2
AUS,Australia,ALL,01/01/12,5.05
AUS,Australia,ALL,02/01/12,5.2
AUS,Australia,ALL,03/01/12,5.19
AUS,Australia,ALL,04/01/12,5
AUS,Australia,ALL,05/01/12,5.2
AUS,Australia,ALL,06/01/12,5.16
AUS,Australia,ALL,07/01/12,5.18
AUS,Australia,ALL,08/01/12,5.15
AUS,Australia,ALL,09/01/12,5.48
AUS,Australia,ALL,10/01/12,5.41
AUS,Australia,ALL,11/01/12,5.26
AUS,Australia,ALL,12/01/12,5.44
AUS,Australia,ALL,01/01/13,5.39
AUS,Australia,ALL,02/01/13,5.41
AUS,Australia,ALL,03/01/13,5.64
AUS,Australia,ALL,04/01/13,5.59
AUS,Australia,ALL,05/01/13,5.61
AUS,Australia,ALL,06/01/13,5.69
AUS,Australia,ALL,07/01/13,5.63
AUS,Australia,ALL,08/01/13,5.84
AUS,Australia,ALL,09/01/13,5.7
AUS,Australia,ALL,10/01/13,5.83
AUS,Australia,ALL,11/01/13,5.8
AUS,Australia,ALL,12/01/13,5.9
AUS,Australia,ALL,01/01/14,5.94
AUS,Australia,ALL,02/01/14,5.9
AUS,Australia,ALL,03/01/14,5.88
AUS,Australia,ALL,04/01/14,5.81
AUS,Australia,ALL,05/01/14,5.93
AUS,Australia,ALL,06/01/14,6.04
AUS,Australia,ALL,07/01/14,6.16
AUS,Australia,ALL,08/01/14,6.09
AUS,Australia,ALL,09/01/14,6.22
AUS,Australia,ALL,10/01/14,6.36
AUS,Australia,ALL,11/01/14,6.3
AUS,Australia,ALL,12/01/14,6.11
AUS,Australia,ALL,01/01/15,6.35
AUS,Australia,ALL,02/01/15,6.17
AUS,Australia,ALL,03/01/15,6.11
AUS,Australia,ALL,04/01/15,6.12
AUS,Australia,ALL,05/01/15,5.93
AUS,Australia,ALL,06/01/15,5.99
AUS,Australia,ALL,07/01/15,6.26
AUS,Australia,ALL,08/01/15,6.07
AUS,Australia,ALL,09/01/15,6.15
AUS,Australia,ALL,10/01/15,5.91
AUS,Australia,ALL,11/01/15,5.85
AUS,Australia,ALL,12/01/15,5.75
AUS,Australia,ALL,01/01/16,6.04
AUS,Australia,ALL,02/01/16,5.72
AUS,Australia,ALL,03/01/16,5.67
AUS,Australia,ALL,04/01/16,5.66
AUS,Australia,ALL,05/01/16,5.72
AUS,Australia,ALL,06/01/16,5.67
AUS,Australia,ALL,07/01/16,5.67
AUS,Australia,ALL,08/01/16,5.59
AUS,Australia,ALL,09/01/16,5.62
AUS,Australia,ALL,10/01/16,5.57
AUS,Australia,ALL,11/01/16,5.76
AUS,Australia,ALL,12/01/16,5.83
AUS,Australia,ALL,01/01/17,5.71
AUS,Australia,ALL,02/01/17,5.89
AUS,Australia,ALL,03/01/17,5.89
AUS,Australia,ALL,04/01/17,5.64
AUS,Australia,ALL,05/01/17,5.54
AUS,Australia,ALL,06/01/17,5.56
AUS,Australia,ALL,07/01/17,5.57
AUS,Australia,ALL,08/01/17,5.49
AUS,Australia,ALL,09/01/17,5.42
AUS,Australia,ALL,10/01/17,5.35
AUS,Australia,ALL,11/01/17,5.42
AUS,Australia,ALL,12/01/17,5.61
AUS,Australia,ALL,01/01/18,5.54
AUS,Australia,ALL,02/01/18,5.61
AUS,Australia,ALL,03/01/18,5.56
AUS,Australia,ALL,04/01/18,5.56
AUS,Australia,ALL,05/01/18,5.39
AUS,Australia,ALL,06/01/18,5.28
AUS,Australia,ALL,07/01/18,5.26
AUS,Australia,ALL,08/01/18,5.24
AUS,Australia,ALL,09/01/18,4.99
AUS,Australia,ALL,10/01/18,4.98
AUS,Australia,ALL,11/01/18,5.11
AUS,Australia,ALL,12/01/18,5
AUS,Australia,ALL,01/01/19,5.08
AUS,Australia,ALL,02/01/19,5.01
AUS,Australia,ALL,03/01/19,5.14
AUS,Australia,ALL,04/01/19,5.24
AUS,Australia,ALL,05/01/19,5.2
AUS,Australia,ALL,06/01/19,5.2
AUS,Australia,ALL,07/01/19,5.23
AUS,Australia,ALL,08/01/19,5.22
AUS,Australia,ALL,09/01/19,5.16
AUS,Australia,ALL,10/01/19,5.27
AUS,Australia,ALL,11/01/19,5.16
AUS,Australia,ALL,12/01/19,5.05
AUS,Australia,ALL,01/01/20,5.31
AUS,Australia,ALL,02/01/20,5.13
AUS,Australia,ALL,03/01/20,5.27
AUS,Australia,ALL,04/01/20,6.37
AUS,Australia,ALL,05/01/20,7.02
AUS,Australia,ALL,06/01/20,7.35
AUS,Australia,ALL,07/01/20,7.45
AUS,Australia,ALL,08/01/20,6.76
AUS,Australia,ALL,09/01/20,6.85
AUS,Australia,ALL,10/01/20,6.94
AUS,Australia,ALL,11/01/20,6.83
AUS,Australia,ALL,12/01/20,6.58
AUS,Australia,ALL,01/01/21,6.4
AUS,Australia,ALL,02/01/21,5.86
AUS,Australia,ALL,03/01/21,5.69
AUS,Australia,ALL,04/01/21,5.47
AUS,Australia,ALL,05/01/21,5.07
AUS,Australia,ALL,06/01/21,4.91
AUS,Australia,ALL,07/01/21,4.63
AUS,Australia,ALL,08/01/21,4.53
AUS,Australia,ALL,09/01/21,4.63
AUT,Austria,ALL,01/01/00,4.3
AUT,Austria,ALL,02/01/00,4.3
AUT,Austria,ALL,03/01/00,4.1
AUT,Austria,ALL,04/01/00,3.8
AUT,Austria,ALL,05/01/00,3.7
AUT,Austria,ALL,06/01/00,3.6
AUT,Austria,ALL,07/01/00,3.8
AUT,Austria,ALL,08/01/00,3.8
AUT,Austria,ALL,09/01/00,3.9
AUT,Austria,ALL,10/01/00,3.8
AUT,Austria,ALL,11/01/00,3.8
AUT,Austria,ALL,12/01/00,3.7
AUT,Austria,ALL,01/01/01,3.6
AUT,Austria,ALL,02/01/01,3.6
AUT,Austria,ALL,03/01/01,3.7
AUT,Austria,ALL,04/01/01,3.9
AUT,Austria,ALL,05/01/01,4
AUT,Austria,ALL,06/01/01,4.1
AUT,Austria,ALL,07/01/01,4.1
AUT,Austria,ALL,08/01/01,4.1
AUT,Austria,ALL,09/01/01,4.1
AUT,Austria,ALL,10/01/01,4.2
AUT,Austria,ALL,11/01/01,4.3
AUT,Austria,ALL,12/01/01,4.4
AUT,Austria,ALL,01/01/02,4.5
AUT,Austria,ALL,02/01/02,4.5
AUT,Austria,ALL,03/01/02,4.5
AUT,Austria,ALL,04/01/02,4.3
AUT,Austria,ALL,05/01/02,4.2
AUT,Austria,ALL,06/01/02,4.2
AUT,Austria,ALL,07/01/02,4.3
AUT,Austria,ALL,08/01/02,4.4
AUT,Austria,ALL,09/01/02,4.5
AUT,Austria,ALL,10/01/02,4.4
AUT,Austria,ALL,11/01/02,4.4
AUT,Austria,ALL,12/01/02,4.5
AUT,Austria,ALL,01/01/03,4.5
AUT,Austria,ALL,02/01/03,4.5
AUT,Austria,ALL,03/01/03,4.6
AUT,Austria,ALL,04/01/03,4.7
AUT,Austria,ALL,05/01/03,4.8
AUT,Austria,ALL,06/01/03,4.9
AUT,Austria,ALL,07/01/03,4.8
AUT,Austria,ALL,08/01/03,4.8
AUT,Austria,ALL,09/01/03,4.8
AUT,Austria,ALL,10/01/03,4.9
AUT,Austria,ALL,11/01/03,5
AUT,Austria,ALL,12/01/03,5.2
AUT,Austria,ALL,01/01/04,6.1
AUT,Austria,ALL,02/01/04,6
AUT,Austria,ALL,03/01/04,5.9
AUT,Austria,ALL,04/01/04,6
AUT,Austria,ALL,05/01/04,5.7
AUT,Austria,ALL,06/01/04,5.6
AUT,Austria,ALL,07/01/04,5.5
AUT,Austria,ALL,08/01/04,5.7
AUT,Austria,ALL,09/01/04,6.2
AUT,Austria,ALL,10/01/04,6.1
AUT,Austria,ALL,11/01/04,5.7
AUT,Austria,ALL,12/01/04,6
AUT,Austria,ALL,01/01/05,5.7
AUT,Austria,ALL,02/01/05,5.7
AUT,Austria,ALL,03/01/05,6
AUT,Austria,ALL,04/01/05,5.9
AUT,Austria,ALL,05/01/05,6.2
AUT,Austria,ALL,06/01/05,6.2
AUT,Austria,ALL,07/01/05,6.1
AUT,Austria,ALL,08/01/05,6
AUT,Austria,ALL,09/01/05,6.1
AUT,Austria,ALL,10/01/05,6.2
AUT,Austria,ALL,11/01/05,6.1
AUT,Austria,ALL,12/01/05,6.1
AUT,Austria,ALL,01/01/06,6.1
AUT,Austria,ALL,02/01/06,6
AUT,Austria,ALL,03/01/06,6.1
AUT,Austria,ALL,04/01/06,5.7
AUT,Austria,ALL,05/01/06,5.4
AUT,Austria,ALL,06/01/06,6
AUT,Austria,ALL,07/01/06,5.5
AUT,Austria,ALL,08/01/06,5.3
AUT,Austria,ALL,09/01/06,5.1
AUT,Austria,ALL,10/01/06,5.3
AUT,Austria,ALL,11/01/06,5.3
AUT,Austria,ALL,12/01/06,5.4
AUT,Austria,ALL,01/01/07,5.2
AUT,Austria,ALL,02/01/07,5.5
AUT,Austria,ALL,03/01/07,5.1
AUT,Austria,ALL,04/01/07,5.6
AUT,Austria,ALL,05/01/07,5.6
AUT,Austria,ALL,06/01/07,5.2
AUT,Austria,ALL,07/01/07,5.5
AUT,Austria,ALL,08/01/07,5.4
AUT,Austria,ALL,09/01/07,5
AUT,Austria,ALL,10/01/07,5
AUT,Austria,ALL,11/01/07,4.9
AUT,Austria,ALL,12/01/07,4.5
AUT,Austria,ALL,01/01/08,4.7
AUT,Austria,ALL,02/01/08,4.6
AUT,Austria,ALL,03/01/08,4.3
AUT,Austria,ALL,04/01/08,4.2
AUT,Austria,ALL,05/01/08,4.1
AUT,Austria,ALL,06/01/08,3.9
AUT,Austria,ALL,07/01/08,4.4
AUT,Austria,ALL,08/01/08,4.4
AUT,Austria,ALL,09/01/08,4.3
AUT,Austria,ALL,10/01/08,4.4
AUT,Austria,ALL,11/01/08,4.8
AUT,Austria,ALL,12/01/08,5.1
AUT,Austria,ALL,01/01/09,5
AUT,Austria,ALL,02/01/09,5
AUT,Austria,ALL,03/01/09,5.3
AUT,Austria,ALL,04/01/09,5.7
AUT,Austria,ALL,05/01/09,5.6
AUT,Austria,ALL,06/01/09,5.9
AUT,Austria,ALL,07/01/09,6.2
AUT,Austria,ALL,08/01/09,5.8
AUT,Austria,ALL,09/01/09,6.5
AUT,Austria,ALL,10/01/09,6
AUT,Austria,ALL,11/01/09,6
AUT,Austria,ALL,12/01/09,5.4
AUT,Austria,ALL,01/01/10,5.3
AUT,Austria,ALL,02/01/10,5.3
AUT,Austria,ALL,03/01/10,5.5
AUT,Austria,ALL,04/01/10,5.5
AUT,Austria,ALL,05/01/10,5.3
AUT,Austria,ALL,06/01/10,5.3
AUT,Austria,ALL,07/01/10,5.2
AUT,Austria,ALL,08/01/10,5.2
AUT,Austria,ALL,09/01/10,5.1
AUT,Austria,ALL,10/01/10,5.2
AUT,Austria,ALL,11/01/10,4.7
AUT,Austria,ALL,12/01/10,4.8
AUT,Austria,ALL,01/01/11,5
AUT,Austria,ALL,02/01/11,5.5
AUT,Austria,ALL,03/01/11,5
AUT,Austria,ALL,04/01/11,4.9
AUT,Austria,ALL,05/01/11,4.9
AUT,Austria,ALL,06/01/11,4.6
AUT,Austria,ALL,07/01/11,4.3
AUT,Austria,ALL,08/01/11,4.4
AUT,Austria,ALL,09/01/11,4.4
AUT,Austria,ALL,10/01/11,5.2
AUT,Austria,ALL,11/01/11,5.3
AUT,Austria,ALL,12/01/11,5.1
AUT,Austria,ALL,01/01/12,4.6
AUT,Austria,ALL,02/01/12,5
AUT,Austria,ALL,03/01/12,4.9
AUT,Austria,ALL,04/01/12,5
AUT,Austria,ALL,05/01/12,5
AUT,Austria,ALL,06/01/12,5.5
AUT,Austria,ALL,07/01/12,5.4
AUT,Austria,ALL,08/01/12,5.6
AUT,Austria,ALL,09/01/12,5.5
AUT,Austria,ALL,10/01/12,5.3
AUT,Austria,ALL,11/01/12,5.4
AUT,Austria,ALL,12/01/12,5.5
AUT,Austria,ALL,01/01/13,5.8
AUT,Austria,ALL,02/01/13,5.6
AUT,Austria,ALL,03/01/13,5.9
AUT,Austria,ALL,04/01/13,5.5
AUT,Austria,ALL,05/01/13,5.4
AUT,Austria,ALL,06/01/13,5.5
AUT,Austria,ALL,07/01/13,5.7
AUT,Austria,ALL,08/01/13,5.6
AUT,Austria,ALL,09/01/13,6
AUT,Austria,ALL,10/01/13,5.8
AUT,Austria,ALL,11/01/13,6
AUT,Austria,ALL,12/01/13,5.9
AUT,Austria,ALL,01/01/14,6.2
AUT,Austria,ALL,02/01/14,5.8
AUT,Austria,ALL,03/01/14,6.2
AUT,Austria,ALL,04/01/14,5.5
AUT,Austria,ALL,05/01/14,5.9
AUT,Austria,ALL,06/01/14,6.1
AUT,Austria,ALL,07/01/14,6.1
AUT,Austria,ALL,08/01/14,6.1
AUT,Austria,ALL,09/01/14,6.1
AUT,Austria,ALL,10/01/14,6
AUT,Austria,ALL,11/01/14,6.3
AUT,Austria,ALL,12/01/14,6.1
AUT,Austria,ALL,01/01/15,5.9
AUT,Austria,ALL,02/01/15,6
AUT,Austria,ALL,03/01/15,6
AUT,Austria,ALL,04/01/15,6.3
AUT,Austria,ALL,05/01/15,6.4
AUT,Austria,ALL,06/01/15,6.1
AUT,Austria,ALL,07/01/15,6.1
AUT,Austria,ALL,08/01/15,6
AUT,Austria,ALL,09/01/15,6.2
AUT,Austria,ALL,10/01/15,6
AUT,Austria,ALL,11/01/15,6.7
AUT,Austria,ALL,12/01/15,6.4
AUT,Austria,ALL,01/01/16,6.5
AUT,Austria,ALL,02/01/16,6.4
AUT,Austria,ALL,03/01/16,6.3
AUT,Austria,ALL,04/01/16,6.2
AUT,Austria,ALL,05/01/16,6.8
AUT,Austria,ALL,06/01/16,6.7
AUT,Austria,ALL,07/01/16,6.5
AUT,Austria,ALL,08/01/16,6.9
AUT,Austria,ALL,09/01/16,6.6
AUT,Austria,ALL,10/01/16,6.3
AUT,Austria,ALL,11/01/16,6.3
AUT,Austria,ALL,12/01/16,6.1
AUT,Austria,ALL,01/01/17,6.2
AUT,Austria,ALL,02/01/17,6
AUT,Austria,ALL,03/01/17,6.1
AUT,Austria,ALL,04/01/17,5.8
AUT,Austria,ALL,05/01/17,6
AUT,Austria,ALL,06/01/17,5.7
AUT,Austria,ALL,07/01/17,5.8
AUT,Austria,ALL,08/01/17,6
AUT,Austria,ALL,09/01/17,6
AUT,Austria,ALL,10/01/17,5.7
AUT,Austria,ALL,11/01/17,6
AUT,Austria,ALL,12/01/17,5.9
AUT,Austria,ALL,01/01/18,5.5
AUT,Austria,ALL,02/01/18,5.3
AUT,Austria,ALL,03/01/18,5.2
AUT,Austria,ALL,04/01/18,5
AUT,Austria,ALL,05/01/18,4.9
AUT,Austria,ALL,06/01/18,5
AUT,Austria,ALL,07/01/18,5.2
AUT,Austria,ALL,08/01/18,5.6
AUT,Austria,ALL,09/01/18,5.4
AUT,Austria,ALL,10/01/18,5.2
AUT,Austria,ALL,11/01/18,5
AUT,Austria,ALL,12/01/18,5.2
AUT,Austria,ALL,01/01/19,4.9
AUT,Austria,ALL,02/01/19,5.1
AUT,Austria,ALL,03/01/19,4.9
AUT,Austria,ALL,04/01/19,5.1
AUT,Austria,ALL,05/01/19,4.9
AUT,Austria,ALL,06/01/19,4.6
AUT,Austria,ALL,07/01/19,4.9
AUT,Austria,ALL,08/01/19,5
AUT,Austria,ALL,09/01/19,4.6
AUT,Austria,ALL,10/01/19,4.9
AUT,Austria,ALL,11/01/19,4.4
AUT,Austria,ALL,12/01/19,4.5
AUT,Austria,ALL,01/01/20,4.4
AUT,Austria,ALL,02/01/20,4.5
AUT,Austria,ALL,03/01/20,4.9
AUT,Austria,ALL,04/01/20,6
AUT,Austria,ALL,05/01/20,7.1
AUT,Austria,ALL,06/01/20,7.7
AUT,Austria,ALL,07/01/20,6.8
AUT,Austria,ALL,08/01/20,6.4
AUT,Austria,ALL,09/01/20,6.4
AUT,Austria,ALL,10/01/20,6.1
AUT,Austria,ALL,11/01/20,6.1
AUT,Austria,ALL,12/01/20,6.8
AUT,Austria,ALL,01/01/21,7.3
AUT,Austria,ALL,02/01/21,7
AUT,Austria,ALL,03/01/21,6.7
AUT,Austria,ALL,04/01/21,7.1
AUT,Austria,ALL,05/01/21,6.7
AUT,Austria,ALL,06/01/21,6.2
AUT,Austria,ALL,07/01/21,6
AUT,Austria,ALL,08/01/21,5.9
AUT,Austria,ALL,09/01/21,5.2
BEL,Belgium,ALL,01/01/00,7.3
BEL,Belgium,ALL,02/01/00,7.1
BEL,Belgium,ALL,03/01/00,6.9
BEL,Belgium,ALL,04/01/00,6.9
BEL,Belgium,ALL,05/01/00,6.8
BEL,Belgium,ALL,06/01/00,6.7
BEL,Belgium,ALL,07/01/00,6.8
BEL,Belgium,ALL,08/01/00,7
BEL,Belgium,ALL,09/01/00,6.9
BEL,Belgium,ALL,10/01/00,6.8
BEL,Belgium,ALL,11/01/00,6.7
BEL,Belgium,ALL,12/01/00,6.4
BEL,Belgium,ALL,01/01/01,6.1
BEL,Belgium,ALL,02/01/01,6
BEL,Belgium,ALL,03/01/01,6.1
BEL,Belgium,ALL,04/01/01,6.5
BEL,Belgium,ALL,05/01/01,6.6
BEL,Belgium,ALL,06/01/01,6.4
BEL,Belgium,ALL,07/01/01,6.1
BEL,Belgium,ALL,08/01/01,6.2
BEL,Belgium,ALL,09/01/01,6.6
BEL,Belgium,ALL,10/01/01,7.3
BEL,Belgium,ALL,11/01/01,7.4
BEL,Belgium,ALL,12/01/01,7.5
BEL,Belgium,ALL,01/01/02,7.4
BEL,Belgium,ALL,02/01/02,7.3
BEL,Belgium,ALL,03/01/02,7.3
BEL,Belgium,ALL,04/01/02,7.3
BEL,Belgium,ALL,05/01/02,7.3
BEL,Belgium,ALL,06/01/02,7.3
BEL,Belgium,ALL,07/01/02,7.5
BEL,Belgium,ALL,08/01/02,7.4
BEL,Belgium,ALL,09/01/02,7.6
BEL,Belgium,ALL,10/01/02,7.8
BEL,Belgium,ALL,11/01/02,8
BEL,Belgium,ALL,12/01/02,8.1
BEL,Belgium,ALL,01/01/03,8.1
BEL,Belgium,ALL,02/01/03,8.1
BEL,Belgium,ALL,03/01/03,8.1
BEL,Belgium,ALL,04/01/03,8.1
BEL,Belgium,ALL,05/01/03,8.1
BEL,Belgium,ALL,06/01/03,8.1
BEL,Belgium,ALL,07/01/03,8.1
BEL,Belgium,ALL,08/01/03,8.1
BEL,Belgium,ALL,09/01/03,8.2
BEL,Belgium,ALL,10/01/03,8.3
BEL,Belgium,ALL,11/01/03,8.3
BEL,Belgium,ALL,12/01/03,8.5
BEL,Belgium,ALL,01/01/04,8.7
BEL,Belgium,ALL,02/01/04,8.6
BEL,Belgium,ALL,03/01/04,8.3
BEL,Belgium,ALL,04/01/04,7.7
BEL,Belgium,ALL,05/01/04,7.6
BEL,Belgium,ALL,06/01/04,8
BEL,Belgium,ALL,07/01/04,8.6
BEL,Belgium,ALL,08/01/04,9
BEL,Belgium,ALL,09/01/04,9
BEL,Belgium,ALL,10/01/04,8.6
BEL,Belgium,ALL,11/01/04,8.3
BEL,Belgium,ALL,12/01/04,8.2
BEL,Belgium,ALL,01/01/05,8.3
BEL,Belgium,ALL,02/01/05,8.5
BEL,Belgium,ALL,03/01/05,8.6
BEL,Belgium,ALL,04/01/05,8.4
BEL,Belgium,ALL,05/01/05,8.6
BEL,Belgium,ALL,06/01/05,8.5
BEL,Belgium,ALL,07/01/05,8.5
BEL,Belgium,ALL,08/01/05,8.5
BEL,Belgium,ALL,09/01/05,8.5
BEL,Belgium,ALL,10/01/05,8.4
BEL,Belgium,ALL,11/01/05,8.4
BEL,Belgium,ALL,12/01/05,8.5
BEL,Belgium,ALL,01/01/06,8.5
BEL,Belgium,ALL,02/01/06,8.6
BEL,Belgium,ALL,03/01/06,8.6
BEL,Belgium,ALL,04/01/06,8.7
BEL,Belgium,ALL,05/01/06,8.8
BEL,Belgium,ALL,06/01/06,8.5
BEL,Belgium,ALL,07/01/06,8
BEL,Belgium,ALL,08/01/06,7.8
BEL,Belgium,ALL,09/01/06,7.9
BEL,Belgium,ALL,10/01/06,7.9
BEL,Belgium,ALL,11/01/06,8
BEL,Belgium,ALL,12/01/06,7.9
BEL,Belgium,ALL,01/01/07,7.8
BEL,Belgium,ALL,02/01/07,7.8
BEL,Belgium,ALL,03/01/07,7.9
BEL,Belgium,ALL,04/01/07,8.2
BEL,Belgium,ALL,05/01/07,8.1
BEL,Belgium,ALL,06/01/07,7.7
BEL,Belgium,ALL,07/01/07,7.3
BEL,Belgium,ALL,08/01/07,7
BEL,Belgium,ALL,09/01/07,6.9
BEL,Belgium,ALL,10/01/07,7
BEL,Belgium,ALL,11/01/07,7.1
BEL,Belgium,ALL,12/01/07,7.1
BEL,Belgium,ALL,01/01/08,7.1
BEL,Belgium,ALL,02/01/08,6.9
BEL,Belgium,ALL,03/01/08,6.7
BEL,Belgium,ALL,04/01/08,6.5
BEL,Belgium,ALL,05/01/08,6.5
BEL,Belgium,ALL,06/01/08,6.9
BEL,Belgium,ALL,07/01/08,7.5
BEL,Belgium,ALL,08/01/08,7.6
BEL,Belgium,ALL,09/01/08,7.4
BEL,Belgium,ALL,10/01/08,6.9
BEL,Belgium,ALL,11/01/08,6.7
BEL,Belgium,ALL,12/01/08,6.9
BEL,Belgium,ALL,01/01/09,7.5
BEL,Belgium,ALL,02/01/09,7.8
BEL,Belgium,ALL,03/01/09,8
BEL,Belgium,ALL,04/01/09,7.9
BEL,Belgium,ALL,05/01/09,7.7
BEL,Belgium,ALL,06/01/09,7.9
BEL,Belgium,ALL,07/01/09,7.9
BEL,Belgium,ALL,08/01/09,8
BEL,Belgium,ALL,09/01/09,8
BEL,Belgium,ALL,10/01/09,7.9
BEL,Belgium,ALL,11/01/09,8
BEL,Belgium,ALL,12/01/09,8.3
BEL,Belgium,ALL,01/01/10,8.5
BEL,Belgium,ALL,02/01/10,8.5
BEL,Belgium,ALL,03/01/10,8.5
BEL,Belgium,ALL,04/01/10,8.5
BEL,Belgium,ALL,05/01/10,8.5
BEL,Belgium,ALL,06/01/10,8.5
BEL,Belgium,ALL,07/01/10,8.5
BEL,Belgium,ALL,08/01/10,8.3
BEL,Belgium,ALL,09/01/10,8.2
BEL,Belgium,ALL,10/01/10,8.1
BEL,Belgium,ALL,11/01/10,7.9
BEL,Belgium,ALL,12/01/10,7.7
BEL,Belgium,ALL,01/01/11,7.3
BEL,Belgium,ALL,02/01/11,7.1
BEL,Belgium,ALL,03/01/11,6.9
BEL,Belgium,ALL,04/01/11,6.8
BEL,Belgium,ALL,05/01/11,6.9
BEL,Belgium,ALL,06/01/11,7.1
BEL,Belgium,ALL,07/01/11,7.4
BEL,Belgium,ALL,08/01/11,7.5
BEL,Belgium,ALL,09/01/11,7.5
BEL,Belgium,ALL,10/01/11,7.2
BEL,Belgium,ALL,11/01/11,7.1
BEL,Belgium,ALL,12/01/11,7
BEL,Belgium,ALL,01/01/12,7.1
BEL,Belgium,ALL,02/01/12,7.2
BEL,Belgium,ALL,03/01/12,7.2
BEL,Belgium,ALL,04/01/12,7.3
BEL,Belgium,ALL,05/01/12,7.4
BEL,Belgium,ALL,06/01/12,7.4
BEL,Belgium,ALL,07/01/12,7.3
BEL,Belgium,ALL,08/01/12,7.4
BEL,Belgium,ALL,09/01/12,7.7
BEL,Belgium,ALL,10/01/12,8.1
BEL,Belgium,ALL,11/01/12,8.3
BEL,Belgium,ALL,12/01/12,8.4
BEL,Belgium,ALL,01/01/13,8.4
BEL,Belgium,ALL,02/01/13,8.4
BEL,Belgium,ALL,03/01/13,8.4
BEL,Belgium,ALL,04/01/13,8.5
BEL,Belgium,ALL,05/01/13,8.5
BEL,Belgium,ALL,06/01/13,8.4
BEL,Belgium,ALL,07/01/13,8.4
BEL,Belgium,ALL,08/01/13,8.4
BEL,Belgium,ALL,09/01/13,8.5
BEL,Belgium,ALL,10/01/13,8.5
BEL,Belgium,ALL,11/01/13,8.5
BEL,Belgium,ALL,12/01/13,8.6
BEL,Belgium,ALL,01/01/14,8.7
BEL,Belgium,ALL,02/01/14,8.6
BEL,Belgium,ALL,03/01/14,8.6
BEL,Belgium,ALL,04/01/14,8.6
BEL,Belgium,ALL,05/01/14,8.6
BEL,Belgium,ALL,06/01/14,8.5
BEL,Belgium,ALL,07/01/14,8.4
BEL,Belgium,ALL,08/01/14,8.4
BEL,Belgium,ALL,09/01/14,8.5
BEL,Belgium,ALL,10/01/14,8.6
BEL,Belgium,ALL,11/01/14,8.6
BEL,Belgium,ALL,12/01/14,8.6
BEL,Belgium,ALL,01/01/15,8.6
BEL,Belgium,ALL,02/01/15,8.6
BEL,Belgium,ALL,03/01/15,8.8
BEL,Belgium,ALL,04/01/15,8.8
BEL,Belgium,ALL,05/01/15,8.7
BEL,Belgium,ALL,06/01/15,8.5
BEL,Belgium,ALL,07/01/15,8
BEL,Belgium,ALL,08/01/15,7.8
BEL,Belgium,ALL,09/01/15,8.1
BEL,Belgium,ALL,10/01/15,8.6
BEL,Belgium,ALL,11/01/15,8.8
BEL,Belgium,ALL,12/01/15,8.8
BEL,Belgium,ALL,01/01/16,8.4
BEL,Belgium,ALL,02/01/16,8.2
BEL,Belgium,ALL,03/01/16,8.2
BEL,Belgium,ALL,04/01/16,8.3
BEL,Belgium,ALL,05/01/16,8.2
BEL,Belgium,ALL,06/01/16,8.1
BEL,Belgium,ALL,07/01/16,7.8
BEL,Belgium,ALL,08/01/16,7.7
BEL,Belgium,ALL,09/01/16,7.5
BEL,Belgium,ALL,10/01/16,7.2
BEL,Belgium,ALL,11/01/16,7.2
BEL,Belgium,ALL,12/01/16,7.3
BEL,Belgium,ALL,01/01/17,7.6
BEL,Belgium,ALL,02/01/17,7.8
BEL,Belgium,ALL,03/01/17,7.7
BEL,Belgium,ALL,04/01/17,7.4
BEL,Belgium,ALL,05/01/17,7.3
BEL,Belgium,ALL,06/01/17,7.2
BEL,Belgium,ALL,07/01/17,7.1
BEL,Belgium,ALL,08/01/17,7.1
BEL,Belgium,ALL,09/01/17,6.9
BEL,Belgium,ALL,10/01/17,6.7
BEL,Belgium,ALL,11/01/17,6.4
BEL,Belgium,ALL,12/01/17,6.2
BEL,Belgium,ALL,01/01/18,6.1
BEL,Belgium,ALL,02/01/18,6.1
BEL,Belgium,ALL,03/01/18,6.2
BEL,Belgium,ALL,04/01/18,6.4
BEL,Belgium,ALL,05/01/18,6.4
BEL,Belgium,ALL,06/01/18,6.2
BEL,Belgium,ALL,07/01/18,5.9
BEL,Belgium,ALL,08/01/18,5.6
BEL,Belgium,ALL,09/01/18,5.6
BEL,Belgium,ALL,10/01/18,5.7
BEL,Belgium,ALL,11/01/18,5.8
BEL,Belgium,ALL,12/01/18,5.8
BEL,Belgium,ALL,01/01/19,5.6
BEL,Belgium,ALL,02/01/19,5.6
BEL,Belgium,ALL,03/01/19,5.5
BEL,Belgium,ALL,04/01/19,5.6
BEL,Belgium,ALL,05/01/19,5.5
BEL,Belgium,ALL,06/01/19,5.4
BEL,Belgium,ALL,07/01/19,5.2
BEL,Belgium,ALL,08/01/19,5.1
BEL,Belgium,ALL,09/01/19,5.1
BEL,Belgium,ALL,10/01/19,5.2
BEL,Belgium,ALL,11/01/19,5.3
BEL,Belgium,ALL,12/01/19,5.3
BEL,Belgium,ALL,01/01/20,5.2
BEL,Belgium,ALL,02/01/20,5
BEL,Belgium,ALL,03/01/20,4.9
BEL,Belgium,ALL,04/01/20,4.9
BEL,Belgium,ALL,05/01/20,5
BEL,Belgium,ALL,06/01/20,5.4
BEL,Belgium,ALL,07/01/20,6
BEL,Belgium,ALL,08/01/20,6.4
BEL,Belgium,ALL,09/01/20,6.3
BEL,Belgium,ALL,10/01/20,5.8
BEL,Belgium,ALL,11/01/20,5.8
BEL,Belgium,ALL,12/01/20,6
BEL,Belgium,ALL,01/01/21,6.5
BEL,Belgium,ALL,02/01/21,6.8
BEL,Belgium,ALL,03/01/21,6.7
BEL,Belgium,ALL,04/01/21,6.5
BEL,Belgium,ALL,05/01/21,6.3
BEL,Belgium,ALL,06/01/21,6.3
BEL,Belgium,ALL,07/01/21,6.2
BEL,Belgium,ALL,08/01/21,6.3
BEL,Belgium,ALL,09/01/21,6.2
AUS,Australia,MEN,01/01/00,6.9
AUS,Australia,MEN,02/01/00,6.6
AUS,Australia,MEN,03/01/00,6.6
AUS,Australia,MEN,04/01/00,6.4
AUS,Australia,MEN,05/01/00,6.4
AUS,Australia,MEN,06/01/00,6.3
AUS,Australia,MEN,07/01/00,6.3
AUS,Australia,MEN,08/01/00,6.4
AUS,Australia,MEN,09/01/00,6.3
AUS,Australia,MEN,10/01/00,6.4
AUS,Australia,MEN,11/01/00,6.5
AUS,Australia,MEN,12/01/00,6.6
AUS,Australia,MEN,01/01/01,6.5
AUS,Australia,MEN,02/01/01,6.8
AUS,Australia,MEN,03/01/01,6.8
AUS,Australia,MEN,04/01/01,7
AUS,Australia,MEN,05/01/01,7
AUS,Australia,MEN,06/01/01,7.2
AUS,Australia,MEN,07/01/01,7.2
AUS,Australia,MEN,08/01/01,7.1
AUS,Australia,MEN,09/01/01,7.1
AUS,Australia,MEN,10/01/01,7.4
AUS,Australia,MEN,11/01/01,7.2
AUS,Australia,MEN,12/01/01,7
AUS,Australia,MEN,01/01/02,7.1
AUS,Australia,MEN,02/01/02,6.9
AUS,Australia,MEN,03/01/02,6.8
AUS,Australia,MEN,04/01/02,6.7
AUS,Australia,MEN,05/01/02,6.7
AUS,Australia,MEN,06/01/02,6.5
AUS,Australia,MEN,07/01/02,6.3
AUS,Australia,MEN,08/01/02,6.5
AUS,Australia,MEN,09/01/02,6.4
AUS,Australia,MEN,10/01/02,6.2
AUS,Australia,MEN,11/01/02,6.2
AUS,Australia,MEN,12/01/02,6.3
AUS,Australia,MEN,01/01/03,6.2
AUS,Australia,MEN,02/01/03,6.1
AUS,Australia,MEN,03/01/03,6.1
AUS,Australia,MEN,04/01/03,6.2
AUS,Australia,MEN,05/01/03,6.1
AUS,Australia,MEN,06/01/03,6.2
AUS,Australia,MEN,07/01/03,6.1
AUS,Australia,MEN,08/01/03,5.7
AUS,Australia,MEN,09/01/03,5.6
AUS,Australia,MEN,10/01/03,5.7
AUS,Australia,MEN,11/01/03,5.4
AUS,Australia,MEN,12/01/03,5.4
AUS,Australia,MEN,01/01/04,5.3
AUS,Australia,MEN,02/01/04,5.4
AUS,Australia,MEN,03/01/04,5.3
AUS,Australia,MEN,04/01/04,5.5
AUS,Australia,MEN,05/01/04,5.2
AUS,Australia,MEN,06/01/04,5.4
AUS,Australia,MEN,07/01/04,5.4
AUS,Australia,MEN,08/01/04,5.4
AUS,Australia,MEN,09/01/04,5.4
AUS,Australia,MEN,10/01/04,5.1
AUS,Australia,MEN,11/01/04,5.1
AUS,Australia,MEN,12/01/04,5
AUS,Australia,MEN,01/01/05,4.9
AUS,Australia,MEN,02/01/05,4.9
AUS,Australia,MEN,03/01/05,4.9
AUS,Australia,MEN,04/01/05,4.9
AUS,Australia,MEN,05/01/05,4.9
AUS,Australia,MEN,06/01/05,4.8
AUS,Australia,MEN,07/01/05,4.7
AUS,Australia,MEN,08/01/05,4.9
AUS,Australia,MEN,09/01/05,4.9
AUS,Australia,MEN,10/01/05,4.9
AUS,Australia,MEN,11/01/05,4.9
AUS,Australia,MEN,12/01/05,5.1
AUS,Australia,MEN,01/01/06,5.1
AUS,Australia,MEN,02/01/06,5.1
AUS,Australia,MEN,03/01/06,4.8
AUS,Australia,MEN,04/01/06,4.8
AUS,Australia,MEN,05/01/06,4.7
AUS,Australia,MEN,06/01/06,4.7
AUS,Australia,MEN,07/01/06,4.6
AUS,Australia,MEN,08/01/06,4.6
AUS,Australia,MEN,09/01/06,4.6
AUS,Australia,MEN,10/01/06,4.3
AUS,Australia,MEN,11/01/06,4.4
AUS,Australia,MEN,12/01/06,4.3
AUS,Australia,MEN,01/01/07,4.3
AUS,Australia,MEN,02/01/07,4.3
AUS,Australia,MEN,03/01/07,4.1
AUS,Australia,MEN,04/01/07,4
AUS,Australia,MEN,05/01/07,3.9
AUS,Australia,MEN,06/01/07,3.9
AUS,Australia,MEN,07/01/07,3.9
AUS,Australia,MEN,08/01/07,4
AUS,Australia,MEN,09/01/07,3.8
AUS,Australia,MEN,10/01/07,4
AUS,Australia,MEN,11/01/07,4.2
AUS,Australia,MEN,12/01/07,4.2
AUS,Australia,MEN,01/01/08,3.8
AUS,Australia,MEN,02/01/08,3.6
AUS,Australia,MEN,03/01/08,3.9
AUS,Australia,MEN,04/01/08,4.1
AUS,Australia,MEN,05/01/08,4
AUS,Australia,MEN,06/01/08,4
AUS,Australia,MEN,07/01/08,3.8
AUS,Australia,MEN,08/01/08,3.7
AUS,Australia,MEN,09/01/08,4
AUS,Australia,MEN,10/01/08,4
AUS,Australia,MEN,11/01/08,4.1
AUS,Australia,MEN,12/01/08,4.6
AUS,Australia,MEN,01/01/09,5
AUS,Australia,MEN,02/01/09,5.3
AUS,Australia,MEN,03/01/09,5.8
AUS,Australia,MEN,04/01/09,5.7
AUS,Australia,MEN,05/01/09,6.2
AUS,Australia,MEN,06/01/09,6.2
AUS,Australia,MEN,07/01/09,6
AUS,Australia,MEN,08/01/09,5.8
AUS,Australia,MEN,09/01/09,5.7
AUS,Australia,MEN,10/01/09,5.7
AUS,Australia,MEN,11/01/09,5.7
AUS,Australia,MEN,12/01/09,5.6
AUS,Australia,MEN,01/01/10,5.2
AUS,Australia,MEN,02/01/10,5.3
AUS,Australia,MEN,03/01/10,5.5
AUS,Australia,MEN,04/01/10,5.5
AUS,Australia,MEN,05/01/10,5.2
AUS,Australia,MEN,06/01/10,5.1
AUS,Australia,MEN,07/01/10,5.1
AUS,Australia,MEN,08/01/10,4.7
AUS,Australia,MEN,09/01/10,4.9
AUS,Australia,MEN,10/01/10,5
AUS,Australia,MEN,11/01/10,4.7
AUS,Australia,MEN,12/01/10,4.6
AUS,Australia,MEN,01/01/11,4.7
AUS,Australia,MEN,02/01/11,4.8
AUS,Australia,MEN,03/01/11,4.6
AUS,Australia,MEN,04/01/11,4.9
AUS,Australia,MEN,05/01/11,4.7
AUS,Australia,MEN,06/01/11,4.7
AUS,Australia,MEN,07/01/11,4.9
AUS,Australia,MEN,08/01/11,5.2
AUS,Australia,MEN,09/01/11,5.1
AUS,Australia,MEN,10/01/11,5.2
AUS,Australia,MEN,11/01/11,5.1
AUS,Australia,MEN,12/01/11,4.9
AUS,Australia,MEN,01/01/12,4.9
AUS,Australia,MEN,02/01/12,5.1
AUS,Australia,MEN,03/01/12,5.1
AUS,Australia,MEN,04/01/12,4.9
AUS,Australia,MEN,05/01/12,5
AUS,Australia,MEN,06/01/12,4.9
AUS,Australia,MEN,07/01/12,5.1
AUS,Australia,MEN,08/01/12,5.3
AUS,Australia,MEN,09/01/12,5.7
AUS,Australia,MEN,10/01/12,5.3
AUS,Australia,MEN,11/01/12,5.3
AUS,Australia,MEN,12/01/12,5.4
AUS,Australia,MEN,01/01/13,5.4
AUS,Australia,MEN,02/01/13,5.4
AUS,Australia,MEN,03/01/13,5.7
AUS,Australia,MEN,04/01/13,5.6
AUS,Australia,MEN,05/01/13,5.6
AUS,Australia,MEN,06/01/13,5.7
AUS,Australia,MEN,07/01/13,5.7
AUS,Australia,MEN,08/01/13,5.9
AUS,Australia,MEN,09/01/13,5.7
AUS,Australia,MEN,10/01/13,5.9
AUS,Australia,MEN,11/01/13,5.9
AUS,Australia,MEN,12/01/13,6
AUS,Australia,MEN,01/01/14,5.9
AUS,Australia,MEN,02/01/14,5.8
AUS,Australia,MEN,03/01/14,5.7
AUS,Australia,MEN,04/01/14,5.8
AUS,Australia,MEN,05/01/14,5.8
AUS,Australia,MEN,06/01/14,6.1
AUS,Australia,MEN,07/01/14,6.1
AUS,Australia,MEN,08/01/14,6.1
AUS,Australia,MEN,09/01/14,6
AUS,Australia,MEN,10/01/14,6.2
AUS,Australia,MEN,11/01/14,6.3
AUS,Australia,MEN,12/01/14,6
AUS,Australia,MEN,01/01/15,6.4
AUS,Australia,MEN,02/01/15,6.2
AUS,Australia,MEN,03/01/15,6.1
AUS,Australia,MEN,04/01/15,6.2
AUS,Australia,MEN,05/01/15,6
AUS,Australia,MEN,06/01/15,6
AUS,Australia,MEN,07/01/15,6
AUS,Australia,MEN,08/01/15,6.1
AUS,Australia,MEN,09/01/15,6.2
AUS,Australia,MEN,10/01/15,5.9
AUS,Australia,MEN,11/01/15,5.7
AUS,Australia,MEN,12/01/15,5.6
AUS,Australia,MEN,01/01/16,6.1
AUS,Australia,MEN,02/01/16,5.6
AUS,Australia,MEN,03/01/16,5.7
AUS,Australia,MEN,04/01/16,5.6
AUS,Australia,MEN,05/01/16,5.7
AUS,Australia,MEN,06/01/16,5.4
AUS,Australia,MEN,07/01/16,5.5
AUS,Australia,MEN,08/01/16,5.6
AUS,Australia,MEN,09/01/16,5.6
AUS,Australia,MEN,10/01/16,5.5
AUS,Australia,MEN,11/01/16,5.7
AUS,Australia,MEN,12/01/16,5.8
AUS,Australia,MEN,01/01/17,5.6
AUS,Australia,MEN,02/01/17,5.8
AUS,Australia,MEN,03/01/17,5.8
AUS,Australia,MEN,04/01/17,5.4
AUS,Australia,MEN,05/01/17,5.5
AUS,Australia,MEN,06/01/17,5.5
AUS,Australia,MEN,07/01/17,5.5
AUS,Australia,MEN,08/01/17,5.5
AUS,Australia,MEN,09/01/17,5.4
AUS,Australia,MEN,10/01/17,5.2
AUS,Australia,MEN,11/01/17,5.4
AUS,Australia,MEN,12/01/17,5.7
AUS,Australia,MEN,01/01/18,5.5
AUS,Australia,MEN,02/01/18,5.6
AUS,Australia,MEN,03/01/18,5.5
AUS,Australia,MEN,04/01/18,5.6
AUS,Australia,MEN,05/01/18,5.4
AUS,Australia,MEN,06/01/18,5.4
AUS,Australia,MEN,07/01/18,5.3
AUS,Australia,MEN,08/01/18,5.2
AUS,Australia,MEN,09/01/18,4.8
AUS,Australia,MEN,10/01/18,4.9
AUS,Australia,MEN,11/01/18,5.2
AUS,Australia,MEN,12/01/18,4.9
AUS,Australia,MEN,01/01/19,5
AUS,Australia,MEN,02/01/19,5
AUS,Australia,MEN,03/01/19,5.1
AUS,Australia,MEN,04/01/19,5.3
AUS,Australia,MEN,05/01/19,5.3
AUS,Australia,MEN,06/01/19,5.2
AUS,Australia,MEN,07/01/19,5.2
AUS,Australia,MEN,08/01/19,5.3
AUS,Australia,MEN,09/01/19,5.3
AUS,Australia,MEN,10/01/19,5.4
AUS,Australia,MEN,11/01/19,5.2
AUS,Australia,MEN,12/01/19,5.2
AUS,Australia,MEN,01/01/20,5.4
AUS,Australia,MEN,02/01/20,5.3
AUS,Australia,MEN,03/01/20,5.4
AUS,Australia,MEN,04/01/20,6.7
AUS,Australia,MEN,05/01/20,7.1
AUS,Australia,MEN,06/01/20,7.4
AUS,Australia,MEN,07/01/20,7.4
AUS,Australia,MEN,08/01/20,6.9
AUS,Australia,MEN,09/01/20,7
AUS,Australia,MEN,10/01/20,6.9
AUS,Australia,MEN,11/01/20,6.6
AUS,Australia,MEN,12/01/20,6.6
AUS,Australia,MEN,01/01/21,6.5
AUS,Australia,MEN,02/01/21,6.2
AUS,Australia,MEN,03/01/21,6
AUS,Australia,MEN,04/01/21,5.8
AUS,Australia,MEN,05/01/21,5.4
AUS,Australia,MEN,06/01/21,5.1
AUS,Australia,MEN,07/01/21,4.6
AUS,Australia,MEN,08/01/21,4.7
AUS,Australia,MEN,09/01/21,4.4
AUT,Austria,MEN,01/01/00,4.3
AUT,Austria,MEN,02/01/00,4.3
AUT,Austria,MEN,03/01/00,4.1
AUT,Austria,MEN,04/01/00,3.5
AUT,Austria,MEN,05/01/00,3.3
AUT,Austria,MEN,06/01/00,3.2
AUT,Austria,MEN,07/01/00,3.4
AUT,Austria,MEN,08/01/00,3.6
AUT,Austria,MEN,09/01/00,3.6
AUT,Austria,MEN,10/01/00,3.6
AUT,Austria,MEN,11/01/00,3.6
AUT,Austria,MEN,12/01/00,3.5
AUT,Austria,MEN,01/01/01,3.4
AUT,Austria,MEN,02/01/01,3.5
AUT,Austria,MEN,03/01/01,3.6
AUT,Austria,MEN,04/01/01,3.8
AUT,Austria,MEN,05/01/01,4
AUT,Austria,MEN,06/01/01,4
AUT,Austria,MEN,07/01/01,3.9
AUT,Austria,MEN,08/01/01,3.9
AUT,Austria,MEN,09/01/01,4
AUT,Austria,MEN,10/01/01,4.1
AUT,Austria,MEN,11/01/01,4.3
AUT,Austria,MEN,12/01/01,4.4
AUT,Austria,MEN,01/01/02,4.6
AUT,Austria,MEN,02/01/02,4.6
AUT,Austria,MEN,03/01/02,4.6
AUT,Austria,MEN,04/01/02,4.5
AUT,Austria,MEN,05/01/02,4.4
AUT,Austria,MEN,06/01/02,4.4
AUT,Austria,MEN,07/01/02,4.4
AUT,Austria,MEN,08/01/02,4.5
AUT,Austria,MEN,09/01/02,4.5
AUT,Austria,MEN,10/01/02,4.5
AUT,Austria,MEN,11/01/02,4.5
AUT,Austria,MEN,12/01/02,4.6
AUT,Austria,MEN,01/01/03,4.7
AUT,Austria,MEN,02/01/03,4.7
AUT,Austria,MEN,03/01/03,4.7
AUT,Austria,MEN,04/01/03,4.7
AUT,Austria,MEN,05/01/03,4.8
AUT,Austria,MEN,06/01/03,4.8
AUT,Austria,MEN,07/01/03,5
AUT,Austria,MEN,08/01/03,5
AUT,Austria,MEN,09/01/03,5.1
AUT,Austria,MEN,10/01/03,5.1
AUT,Austria,MEN,11/01/03,5.2
AUT,Austria,MEN,12/01/03,5.2
AUT,Austria,MEN,01/01/04,5.8
AUT,Austria,MEN,02/01/04,5.7
AUT,Austria,MEN,03/01/04,6
AUT,Austria,MEN,04/01/04,5.9
AUT,Austria,MEN,05/01/04,5.4
AUT,Austria,MEN,06/01/04,5.2
AUT,Austria,MEN,07/01/04,5
AUT,Austria,MEN,08/01/04,5.6
AUT,Austria,MEN,09/01/04,5.8
AUT,Austria,MEN,10/01/04,5.9
AUT,Austria,MEN,11/01/04,5.7
AUT,Austria,MEN,12/01/04,5.5
AUT,Austria,MEN,01/01/05,5.5
AUT,Austria,MEN,02/01/05,5.6
AUT,Austria,MEN,03/01/05,5.9
AUT,Austria,MEN,04/01/05,5.9
AUT,Austria,MEN,05/01/05,6.1
AUT,Austria,MEN,06/01/05,6
AUT,Austria,MEN,07/01/05,6
AUT,Austria,MEN,08/01/05,5.9
AUT,Austria,MEN,09/01/05,6
AUT,Austria,MEN,10/01/05,6.3
AUT,Austria,MEN,11/01/05,6.3
AUT,Austria,MEN,12/01/05,5.9
AUT,Austria,MEN,01/01/06,6.2
AUT,Austria,MEN,02/01/06,6.1
AUT,Austria,MEN,03/01/06,5.9
AUT,Austria,MEN,04/01/06,5.6
AUT,Austria,MEN,05/01/06,5.3
AUT,Austria,MEN,06/01/06,5.4
AUT,Austria,MEN,07/01/06,5.4
AUT,Austria,MEN,08/01/06,4.8
AUT,Austria,MEN,09/01/06,4.9
AUT,Austria,MEN,10/01/06,4.9
AUT,Austria,MEN,11/01/06,4.9
AUT,Austria,MEN,12/01/06,5.1
AUT,Austria,MEN,01/01/07,5
AUT,Austria,MEN,02/01/07,5
AUT,Austria,MEN,03/01/07,4.9
AUT,Austria,MEN,04/01/07,5
AUT,Austria,MEN,05/01/07,4.9
AUT,Austria,MEN,06/01/07,5.1
AUT,Austria,MEN,07/01/07,5.1
AUT,Austria,MEN,08/01/07,5.1
AUT,Austria,MEN,09/01/07,4.8
AUT,Austria,MEN,10/01/07,4.8
AUT,Austria,MEN,11/01/07,4.6
AUT,Austria,MEN,12/01/07,4.5
AUT,Austria,MEN,01/01/08,4.4
AUT,Austria,MEN,02/01/08,4.4
AUT,Austria,MEN,03/01/08,4.4
AUT,Austria,MEN,04/01/08,3.9
AUT,Austria,MEN,05/01/08,3.9
AUT,Austria,MEN,06/01/08,3.9
AUT,Austria,MEN,07/01/08,4
AUT,Austria,MEN,08/01/08,4.5
AUT,Austria,MEN,09/01/08,4
AUT,Austria,MEN,10/01/08,4.2
AUT,Austria,MEN,11/01/08,4.5
AUT,Austria,MEN,12/01/08,4.9
AUT,Austria,MEN,01/01/09,5.1
AUT,Austria,MEN,02/01/09,5.2
AUT,Austria,MEN,03/01/09,5.4
AUT,Austria,MEN,04/01/09,5.9
AUT,Austria,MEN,05/01/09,6
AUT,Austria,MEN,06/01/09,6.2
AUT,Austria,MEN,07/01/09,6.5
AUT,Austria,MEN,08/01/09,6.4
AUT,Austria,MEN,09/01/09,6.3
AUT,Austria,MEN,10/01/09,6.1
AUT,Austria,MEN,11/01/09,6.6
AUT,Austria,MEN,12/01/09,6.4
AUT,Austria,MEN,01/01/10,5.9
AUT,Austria,MEN,02/01/10,5.9
AUT,Austria,MEN,03/01/10,6
AUT,Austria,MEN,04/01/10,5.7
AUT,Austria,MEN,05/01/10,5.6
AUT,Austria,MEN,06/01/10,5.7
AUT,Austria,MEN,07/01/10,5.6
AUT,Austria,MEN,08/01/10,5.4
AUT,Austria,MEN,09/01/10,5.4
AUT,Austria,MEN,10/01/10,5
AUT,Austria,MEN,11/01/10,4.9
AUT,Austria,MEN,12/01/10,5
AUT,Austria,MEN,01/01/11,5.2
AUT,Austria,MEN,02/01/11,5.4
AUT,Austria,MEN,03/01/11,5.2
AUT,Austria,MEN,04/01/11,5.3
AUT,Austria,MEN,05/01/11,5.2
AUT,Austria,MEN,06/01/11,4.7
AUT,Austria,MEN,07/01/11,4.4
AUT,Austria,MEN,08/01/11,4.5
AUT,Austria,MEN,09/01/11,4.6
AUT,Austria,MEN,10/01/11,5
AUT,Austria,MEN,11/01/11,5
AUT,Austria,MEN,12/01/11,4.9
AUT,Austria,MEN,01/01/12,4.4
AUT,Austria,MEN,02/01/12,4.7
AUT,Austria,MEN,03/01/12,4.7
AUT,Austria,MEN,04/01/12,5.1
AUT,Austria,MEN,05/01/12,5.6
AUT,Austria,MEN,06/01/12,5.7
AUT,Austria,MEN,07/01/12,5.8
AUT,Austria,MEN,08/01/12,5.7
AUT,Austria,MEN,09/01/12,5.9
AUT,Austria,MEN,10/01/12,5.8
AUT,Austria,MEN,11/01/12,5.9
AUT,Austria,MEN,12/01/12,5.9
AUT,Austria,MEN,01/01/13,6.1
AUT,Austria,MEN,02/01/13,6
AUT,Austria,MEN,03/01/13,6.1
AUT,Austria,MEN,04/01/13,5.7
AUT,Austria,MEN,05/01/13,5.7
AUT,Austria,MEN,06/01/13,5.7
AUT,Austria,MEN,07/01/13,5.9
AUT,Austria,MEN,08/01/13,6
AUT,Austria,MEN,09/01/13,5.8
AUT,Austria,MEN,10/01/13,5.8
AUT,Austria,MEN,11/01/13,5.9
AUT,Austria,MEN,12/01/13,6
AUT,Austria,MEN,01/01/14,6.2
AUT,Austria,MEN,02/01/14,6.1
AUT,Austria,MEN,03/01/14,6.1
AUT,Austria,MEN,04/01/14,6
AUT,Austria,MEN,05/01/14,6.1
AUT,Austria,MEN,06/01/14,6.7
AUT,Austria,MEN,07/01/14,6.6
AUT,Austria,MEN,08/01/14,6.4
AUT,Austria,MEN,09/01/14,6.6
AUT,Austria,MEN,10/01/14,6.8
AUT,Austria,MEN,11/01/14,6.6
AUT,Austria,MEN,12/01/14,6.5
AUT,Austria,MEN,01/01/15,6.3
AUT,Austria,MEN,02/01/15,6.3
AUT,Austria,MEN,03/01/15,6.6
AUT,Austria,MEN,04/01/15,6.7
AUT,Austria,MEN,05/01/15,6.8
AUT,Austria,MEN,06/01/15,6.7
AUT,Austria,MEN,07/01/15,6.6
AUT,Austria,MEN,08/01/15,6.7
AUT,Austria,MEN,09/01/15,7
AUT,Austria,MEN,10/01/15,6.8
AUT,Austria,MEN,11/01/15,7.1
AUT,Austria,MEN,12/01/15,6.9
AUT,Austria,MEN,01/01/16,7.2
AUT,Austria,MEN,02/01/16,7
AUT,Austria,MEN,03/01/16,6.7
AUT,Austria,MEN,04/01/16,6.9
AUT,Austria,MEN,05/01/16,7.2
AUT,Austria,MEN,06/01/16,7.4
AUT,Austria,MEN,07/01/16,7.4
AUT,Austria,MEN,08/01/16,7.2
AUT,Austria,MEN,09/01/16,7
AUT,Austria,MEN,10/01/16,6.7
AUT,Austria,MEN,11/01/16,6.8
AUT,Austria,MEN,12/01/16,6.8
AUT,Austria,MEN,01/01/17,6.7
AUT,Austria,MEN,02/01/17,6.9
AUT,Austria,MEN,03/01/17,6.7
AUT,Austria,MEN,04/01/17,6.4
AUT,Austria,MEN,05/01/17,6.5
AUT,Austria,MEN,06/01/17,6.2
AUT,Austria,MEN,07/01/17,6.6
AUT,Austria,MEN,08/01/17,6.4
AUT,Austria,MEN,09/01/17,6.6
AUT,Austria,MEN,10/01/17,6.3
AUT,Austria,MEN,11/01/17,6.5
AUT,Austria,MEN,12/01/17,6.2
AUT,Austria,MEN,01/01/18,6.2
AUT,Austria,MEN,02/01/18,5.6
AUT,Austria,MEN,03/01/18,5.5
AUT,Austria,MEN,04/01/18,5.3
AUT,Austria,MEN,05/01/18,5.1
AUT,Austria,MEN,06/01/18,5.4
AUT,Austria,MEN,07/01/18,5.4
AUT,Austria,MEN,08/01/18,5.4
AUT,Austria,MEN,09/01/18,5.5
AUT,Austria,MEN,10/01/18,5.8
AUT,Austria,MEN,11/01/18,5.5
AUT,Austria,MEN,12/01/18,5.4
AUT,Austria,MEN,01/01/19,5.3
AUT,Austria,MEN,02/01/19,5.2
AUT,Austria,MEN,03/01/19,5.2
AUT,Austria,MEN,04/01/19,5
AUT,Austria,MEN,05/01/19,5
AUT,Austria,MEN,06/01/19,4.8
AUT,Austria,MEN,07/01/19,4.9
AUT,Austria,MEN,08/01/19,5.1
AUT,Austria,MEN,09/01/19,5.2
AUT,Austria,MEN,10/01/19,5.2
AUT,Austria,MEN,11/01/19,4.6
AUT,Austria,MEN,12/01/19,4.7
AUT,Austria,MEN,01/01/20,4.4
AUT,Austria,MEN,02/01/20,4.8
AUT,Austria,MEN,03/01/20,5
AUT,Austria,MEN,04/01/20,5.7
AUT,Austria,MEN,05/01/20,7.4
AUT,Austria,MEN,06/01/20,7.5
AUT,Austria,MEN,07/01/20,7
AUT,Austria,MEN,08/01/20,6.8
AUT,Austria,MEN,09/01/20,6.7
AUT,Austria,MEN,10/01/20,6.5
AUT,Austria,MEN,11/01/20,6.5
AUT,Austria,MEN,12/01/20,7
AUT,Austria,MEN,01/01/21,7.3
AUT,Austria,MEN,02/01/21,6.9
AUT,Austria,MEN,03/01/21,6.6
AUT,Austria,MEN,04/01/21,6.9
AUT,Austria,MEN,05/01/21,6.8
AUT,Austria,MEN,06/01/21,6.5
AUT,Austria,MEN,07/01/21,6
AUT,Austria,MEN,08/01/21,6
AUT,Austria,MEN,09/01/21,5.4
BEL,Belgium,MEN,01/01/00,6.3
BEL,Belgium,MEN,02/01/00,6.1
BEL,Belgium,MEN,03/01/00,5.8
BEL,Belgium,MEN,04/01/00,5.6
BEL,Belgium,MEN,05/01/00,5.4
BEL,Belgium,MEN,06/01/00,5.4
BEL,Belgium,MEN,07/01/00,5.6
BEL,Belgium,MEN,08/01/00,5.9
BEL,Belgium,MEN,09/01/00,5.7
BEL,Belgium,MEN,10/01/00,5.5
BEL,Belgium,MEN,11/01/00,5.3
BEL,Belgium,MEN,12/01/00,5.1
BEL,Belgium,MEN,01/01/01,5.2
BEL,Belgium,MEN,02/01/01,5.2
BEL,Belgium,MEN,03/01/01,5.4
BEL,Belgium,MEN,04/01/01,5.8
BEL,Belgium,MEN,05/01/01,6
BEL,Belgium,MEN,06/01/01,5.9
BEL,Belgium,MEN,07/01/01,5.8
BEL,Belgium,MEN,08/01/01,5.9
BEL,Belgium,MEN,09/01/01,6.2
BEL,Belgium,MEN,10/01/01,6.6
BEL,Belgium,MEN,11/01/01,6.6
BEL,Belgium,MEN,12/01/01,6.5
BEL,Belgium,MEN,01/01/02,6.1
BEL,Belgium,MEN,02/01/02,6.1
BEL,Belgium,MEN,03/01/02,6.2
BEL,Belgium,MEN,04/01/02,6.5
BEL,Belgium,MEN,05/01/02,6.6
BEL,Belgium,MEN,06/01/02,6.5
BEL,Belgium,MEN,07/01/02,6.4
BEL,Belgium,MEN,08/01/02,6.4
BEL,Belgium,MEN,09/01/02,6.7
BEL,Belgium,MEN,10/01/02,7.3
BEL,Belgium,MEN,11/01/02,7.7
BEL,Belgium,MEN,12/01/02,7.7
BEL,Belgium,MEN,01/01/03,7.5
BEL,Belgium,MEN,02/01/03,7.4
BEL,Belgium,MEN,03/01/03,7.5
BEL,Belgium,MEN,04/01/03,7.7
BEL,Belgium,MEN,05/01/03,7.8
BEL,Belgium,MEN,06/01/03,7.8
BEL,Belgium,MEN,07/01/03,7.7
BEL,Belgium,MEN,08/01/03,7.6
BEL,Belgium,MEN,09/01/03,7.6
BEL,Belgium,MEN,10/01/03,7.8
BEL,Belgium,MEN,11/01/03,7.8
BEL,Belgium,MEN,12/01/03,7.9
BEL,Belgium,MEN,01/01/04,7.9
BEL,Belgium,MEN,02/01/04,7.7
BEL,Belgium,MEN,03/01/04,7.4
BEL,Belgium,MEN,04/01/04,6.9
BEL,Belgium,MEN,05/01/04,6.8
BEL,Belgium,MEN,06/01/04,7.1
BEL,Belgium,MEN,07/01/04,7.7
BEL,Belgium,MEN,08/01/04,8
BEL,Belgium,MEN,09/01/04,8
BEL,Belgium,MEN,10/01/04,7.7
BEL,Belgium,MEN,11/01/04,7.5
BEL,Belgium,MEN,12/01/04,7.4
BEL,Belgium,MEN,01/01/05,7.5
BEL,Belgium,MEN,02/01/05,7.6
BEL,Belgium,MEN,03/01/05,7.6
BEL,Belgium,MEN,04/01/05,7.5
BEL,Belgium,MEN,05/01/05,7.8
BEL,Belgium,MEN,06/01/05,7.5
BEL,Belgium,MEN,07/01/05,7.6
BEL,Belgium,MEN,08/01/05,7.6
BEL,Belgium,MEN,09/01/05,7.6
BEL,Belgium,MEN,10/01/05,7.6
BEL,Belgium,MEN,11/01/05,7.7
BEL,Belgium,MEN,12/01/05,7.8
BEL,Belgium,MEN,01/01/06,7.8
BEL,Belgium,MEN,02/01/06,8
BEL,Belgium,MEN,03/01/06,8.1
BEL,Belgium,MEN,04/01/06,8.2
BEL,Belgium,MEN,05/01/06,8.1
BEL,Belgium,MEN,06/01/06,7.7
BEL,Belgium,MEN,07/01/06,7
BEL,Belgium,MEN,08/01/06,6.6
BEL,Belgium,MEN,09/01/06,6.7
BEL,Belgium,MEN,10/01/06,6.9
BEL,Belgium,MEN,11/01/06,7.1
BEL,Belgium,MEN,12/01/06,7
BEL,Belgium,MEN,01/01/07,6.9
BEL,Belgium,MEN,02/01/07,6.8
BEL,Belgium,MEN,03/01/07,6.8
BEL,Belgium,MEN,04/01/07,7
BEL,Belgium,MEN,05/01/07,7
BEL,Belgium,MEN,06/01/07,6.8
BEL,Belgium,MEN,07/01/07,6.8
BEL,Belgium,MEN,08/01/07,6.6
BEL,Belgium,MEN,09/01/07,6.4
BEL,Belgium,MEN,10/01/07,6.3
BEL,Belgium,MEN,11/01/07,6.3
BEL,Belgium,MEN,12/01/07,6.4
BEL,Belgium,MEN,01/01/08,6.5
BEL,Belgium,MEN,02/01/08,6.5
BEL,Belgium,MEN,03/01/08,6.3
BEL,Belgium,MEN,04/01/08,6.1
BEL,Belgium,MEN,05/01/08,6.1
BEL,Belgium,MEN,06/01/08,6.5
BEL,Belgium,MEN,07/01/08,7.2
BEL,Belgium,MEN,08/01/08,7.3
BEL,Belgium,MEN,09/01/08,6.9
BEL,Belgium,MEN,10/01/08,6.2
BEL,Belgium,MEN,11/01/08,5.9
BEL,Belgium,MEN,12/01/08,6.1
BEL,Belgium,MEN,01/01/09,6.9
BEL,Belgium,MEN,02/01/09,7.4
BEL,Belgium,MEN,03/01/09,7.8
BEL,Belgium,MEN,04/01/09,7.8
BEL,Belgium,MEN,05/01/09,7.7
BEL,Belgium,MEN,06/01/09,7.8
BEL,Belgium,MEN,07/01/09,7.7
BEL,Belgium,MEN,08/01/09,7.7
BEL,Belgium,MEN,09/01/09,7.8
BEL,Belgium,MEN,10/01/09,8
BEL,Belgium,MEN,11/01/09,8.2
BEL,Belgium,MEN,12/01/09,8.4
BEL,Belgium,MEN,01/01/10,8.2
BEL,Belgium,MEN,02/01/10,8.2
BEL,Belgium,MEN,03/01/10,8.3
BEL,Belgium,MEN,04/01/10,8.4
BEL,Belgium,MEN,05/01/10,8.4
BEL,Belgium,MEN,06/01/10,8.5
BEL,Belgium,MEN,07/01/10,8.4
BEL,Belgium,MEN,08/01/10,8.2
BEL,Belgium,MEN,09/01/10,8
BEL,Belgium,MEN,10/01/10,7.7
BEL,Belgium,MEN,11/01/10,7.6
BEL,Belgium,MEN,12/01/10,7.5
BEL,Belgium,MEN,01/01/11,7.4
BEL,Belgium,MEN,02/01/11,7.3
BEL,Belgium,MEN,03/01/11,7.1
BEL,Belgium,MEN,04/01/11,6.8
BEL,Belgium,MEN,05/01/11,6.8
BEL,Belgium,MEN,06/01/11,6.9
BEL,Belgium,MEN,07/01/11,7.3
BEL,Belgium,MEN,08/01/11,7.5
BEL,Belgium,MEN,09/01/11,7.4
BEL,Belgium,MEN,10/01/11,7.1
BEL,Belgium,MEN,11/01/11,6.9
BEL,Belgium,MEN,12/01/11,6.9
BEL,Belgium,MEN,01/01/12,7.1
BEL,Belgium,MEN,02/01/12,7.2
BEL,Belgium,MEN,03/01/12,7.1
BEL,Belgium,MEN,04/01/12,7.2
BEL,Belgium,MEN,05/01/12,7.3
BEL,Belgium,MEN,06/01/12,7.3
BEL,Belgium,MEN,07/01/12,7.2
BEL,Belgium,MEN,08/01/12,7.5
BEL,Belgium,MEN,09/01/12,7.9
BEL,Belgium,MEN,10/01/12,8.6
BEL,Belgium,MEN,11/01/12,9
BEL,Belgium,MEN,12/01/12,9
BEL,Belgium,MEN,01/01/13,8.8
BEL,Belgium,MEN,02/01/13,8.6
BEL,Belgium,MEN,03/01/13,8.6
BEL,Belgium,MEN,04/01/13,8.6
BEL,Belgium,MEN,05/01/13,8.6
BEL,Belgium,MEN,06/01/13,8.6
BEL,Belgium,MEN,07/01/13,8.6
BEL,Belgium,MEN,08/01/13,8.7
BEL,Belgium,MEN,09/01/13,8.7
BEL,Belgium,MEN,10/01/13,8.7
BEL,Belgium,MEN,11/01/13,8.7
BEL,Belgium,MEN,12/01/13,8.8
BEL,Belgium,MEN,01/01/14,9
BEL,Belgium,MEN,02/01/14,9.1
BEL,Belgium,MEN,03/01/14,9.3
BEL,Belgium,MEN,04/01/14,9.4
BEL,Belgium,MEN,05/01/14,9.5
BEL,Belgium,MEN,06/01/14,9.3
BEL,Belgium,MEN,07/01/14,9
BEL,Belgium,MEN,08/01/14,8.8
BEL,Belgium,MEN,09/01/14,8.8
BEL,Belgium,MEN,10/01/14,8.8
BEL,Belgium,MEN,11/01/14,8.8
BEL,Belgium,MEN,12/01/14,8.8
BEL,Belgium,MEN,01/01/15,8.9
BEL,Belgium,MEN,02/01/15,9.2
BEL,Belgium,MEN,03/01/15,9.6
BEL,Belgium,MEN,04/01/15,9.9
BEL,Belgium,MEN,05/01/15,9.8
BEL,Belgium,MEN,06/01/15,9.5
BEL,Belgium,MEN,07/01/15,8.5
BEL,Belgium,MEN,08/01/15,8.2
BEL,Belgium,MEN,09/01/15,8.4
BEL,Belgium,MEN,10/01/15,9
BEL,Belgium,MEN,11/01/15,9.3
BEL,Belgium,MEN,12/01/15,9.3
BEL,Belgium,MEN,01/01/16,8.9
BEL,Belgium,MEN,02/01/16,8.7
BEL,Belgium,MEN,03/01/16,8.5
BEL,Belgium,MEN,04/01/16,8.4
BEL,Belgium,MEN,05/01/16,8.2
BEL,Belgium,MEN,06/01/16,8.1
BEL,Belgium,MEN,07/01/16,7.8
BEL,Belgium,MEN,08/01/16,7.8
BEL,Belgium,MEN,09/01/16,7.7
BEL,Belgium,MEN,10/01/16,7.7
BEL,Belgium,MEN,11/01/16,7.7
BEL,Belgium,MEN,12/01/16,7.6
BEL,Belgium,MEN,01/01/17,7.5
BEL,Belgium,MEN,02/01/17,7.4
BEL,Belgium,MEN,03/01/17,7.3
BEL,Belgium,MEN,04/01/17,7.3
BEL,Belgium,MEN,05/01/17,7.3
BEL,Belgium,MEN,06/01/17,7.4
BEL,Belgium,MEN,07/01/17,7.5
BEL,Belgium,MEN,08/01/17,7.4
BEL,Belgium,MEN,09/01/17,7.1
BEL,Belgium,MEN,10/01/17,6.7
BEL,Belgium,MEN,11/01/17,6.4
BEL,Belgium,MEN,12/01/17,6.3
BEL,Belgium,MEN,01/01/18,6.3
BEL,Belgium,MEN,02/01/18,6.4
BEL,Belgium,MEN,03/01/18,6.5
BEL,Belgium,MEN,04/01/18,6.6
BEL,Belgium,MEN,05/01/18,6.6
BEL,Belgium,MEN,06/01/18,6.5
BEL,Belgium,MEN,07/01/18,6.3
BEL,Belgium,MEN,08/01/18,6.1
BEL,Belgium,MEN,09/01/18,6
BEL,Belgium,MEN,10/01/18,6.1
BEL,Belgium,MEN,11/01/18,6.1
BEL,Belgium,MEN,12/01/18,6.1
BEL,Belgium,MEN,01/01/19,6.1
BEL,Belgium,MEN,02/01/19,6.1
BEL,Belgium,MEN,03/01/19,6.1
BEL,Belgium,MEN,04/01/19,6
BEL,Belgium,MEN,05/01/19,5.9
BEL,Belgium,MEN,06/01/19,5.7
BEL,Belgium,MEN,07/01/19,5.4
BEL,Belgium,MEN,08/01/19,5.2
BEL,Belgium,MEN,09/01/19,5.3
BEL,Belgium,MEN,10/01/19,5.6
BEL,Belgium,MEN,11/01/19,5.7
BEL,Belgium,MEN,12/01/19,5.7
BEL,Belgium,MEN,01/01/20,5.4
BEL,Belgium,MEN,02/01/20,5.1
BEL,Belgium,MEN,03/01/20,5
BEL,Belgium,MEN,04/01/20,5.1
BEL,Belgium,MEN,05/01/20,5.3
BEL,Belgium,MEN,06/01/20,5.7
BEL,Belgium,MEN,07/01/20,6.2
BEL,Belgium,MEN,08/01/20,6.5
BEL,Belgium,MEN,09/01/20,6.4
BEL,Belgium,MEN,10/01/20,6
BEL,Belgium,MEN,11/01/20,5.9
BEL,Belgium,MEN,12/01/20,6.2
BEL,Belgium,MEN,01/01/21,6.6
BEL,Belgium,MEN,02/01/21,6.8
BEL,Belgium,MEN,03/01/21,6.7
BEL,Belgium,MEN,04/01/21,6.2
BEL,Belgium,MEN,05/01/21,6.1
BEL,Belgium,MEN,06/01/21,6.3
BEL,Belgium,MEN,07/01/21,6.5
BEL,Belgium,MEN,08/01/21,6.8
BEL,Belgium,MEN,09/01/21,6.8
AUS,Australia,WOMEN,01/01/00,6.7
AUS,Australia,WOMEN,02/01/00,6.7
AUS,Australia,WOMEN,03/01/00,6.6
AUS,Australia,WOMEN,04/01/00,6.4
AUS,Australia,WOMEN,05/01/00,6.4
AUS,Australia,WOMEN,06/01/00,5.9
AUS,Australia,WOMEN,07/01/00,5.6
AUS,Australia,WOMEN,08/01/00,5.6
AUS,Australia,WOMEN,09/01/00,5.6
AUS,Australia,WOMEN,10/01/00,5.6
AUS,Australia,WOMEN,11/01/00,5.9
AUS,Australia,WOMEN,12/01/00,5.8
AUS,Australia,WOMEN,01/01/01,5.7
AUS,Australia,WOMEN,02/01/01,6.2
AUS,Australia,WOMEN,03/01/01,6.1
AUS,Australia,WOMEN,04/01/01,6.5
AUS,Australia,WOMEN,05/01/01,6.7
AUS,Australia,WOMEN,06/01/01,6.7
AUS,Australia,WOMEN,07/01/01,6.5
AUS,Australia,WOMEN,08/01/01,6.6
AUS,Australia,WOMEN,09/01/01,6.5
AUS,Australia,WOMEN,10/01/01,6.9
AUS,Australia,WOMEN,11/01/01,6.5
AUS,Australia,WOMEN,12/01/01,6.7
AUS,Australia,WOMEN,01/01/02,6.7
AUS,Australia,WOMEN,02/01/02,6.1
AUS,Australia,WOMEN,03/01/02,5.9
AUS,Australia,WOMEN,04/01/02,5.9
AUS,Australia,WOMEN,05/01/02,6
AUS,Australia,WOMEN,06/01/02,6.5
AUS,Australia,WOMEN,07/01/02,6.1
AUS,Australia,WOMEN,08/01/02,6.2
AUS,Australia,WOMEN,09/01/02,6.3
AUS,Australia,WOMEN,10/01/02,6.1
AUS,Australia,WOMEN,11/01/02,6.2
AUS,Australia,WOMEN,12/01/02,6
AUS,Australia,WOMEN,01/01/03,5.9
AUS,Australia,WOMEN,02/01/03,5.8
AUS,Australia,WOMEN,03/01/03,6.2
AUS,Australia,WOMEN,04/01/03,5.8
AUS,Australia,WOMEN,05/01/03,6.1
AUS,Australia,WOMEN,06/01/03,5.9
AUS,Australia,WOMEN,07/01/03,6.1
AUS,Australia,WOMEN,08/01/03,5.9
AUS,Australia,WOMEN,09/01/03,6
AUS,Australia,WOMEN,10/01/03,5.9
AUS,Australia,WOMEN,11/01/03,6
AUS,Australia,WOMEN,12/01/03,6
AUS,Australia,WOMEN,01/01/04,5.8
AUS,Australia,WOMEN,02/01/04,5.9
AUS,Australia,WOMEN,03/01/04,5.6
AUS,Australia,WOMEN,04/01/04,5.6
AUS,Australia,WOMEN,05/01/04,5.5
AUS,Australia,WOMEN,06/01/04,5.6
AUS,Australia,WOMEN,07/01/04,5.8
AUS,Australia,WOMEN,08/01/04,5.6
AUS,Australia,WOMEN,09/01/04,5.4
AUS,Australia,WOMEN,10/01/04,5.2
AUS,Australia,WOMEN,11/01/04,5.2
AUS,Australia,WOMEN,12/01/04,5.2
AUS,Australia,WOMEN,01/01/05,5.3
AUS,Australia,WOMEN,02/01/05,5.3
AUS,Australia,WOMEN,03/01/05,5.5
AUS,Australia,WOMEN,04/01/05,5.4
AUS,Australia,WOMEN,05/01/05,5.3
AUS,Australia,WOMEN,06/01/05,5.2
AUS,Australia,WOMEN,07/01/05,5.3
AUS,Australia,WOMEN,08/01/05,4.9
AUS,Australia,WOMEN,09/01/05,5.1
AUS,Australia,WOMEN,10/01/05,5.1
AUS,Australia,WOMEN,11/01/05,4.9
AUS,Australia,WOMEN,12/01/05,5.1
AUS,Australia,WOMEN,01/01/06,5.2
AUS,Australia,WOMEN,02/01/06,5.1
AUS,Australia,WOMEN,03/01/06,4.9
AUS,Australia,WOMEN,04/01/06,5.2
AUS,Australia,WOMEN,05/01/06,4.9
AUS,Australia,WOMEN,06/01/06,5
AUS,Australia,WOMEN,07/01/06,4.7
AUS,Australia,WOMEN,08/01/06,4.8
AUS,Australia,WOMEN,09/01/06,4.7
AUS,Australia,WOMEN,10/01/06,4.6
AUS,Australia,WOMEN,11/01/06,4.7
AUS,Australia,WOMEN,12/01/06,5
AUS,Australia,WOMEN,01/01/07,4.9
AUS,Australia,WOMEN,02/01/07,5.1
AUS,Australia,WOMEN,03/01/07,4.9
AUS,Australia,WOMEN,04/01/07,4.8
AUS,Australia,WOMEN,05/01/07,4.7
AUS,Australia,WOMEN,06/01/07,4.8
AUS,Australia,WOMEN,07/01/07,4.7
AUS,Australia,WOMEN,08/01/07,4.7
AUS,Australia,WOMEN,09/01/07,4.7
AUS,Australia,WOMEN,10/01/07,4.7
AUS,Australia,WOMEN,11/01/07,4.7
AUS,Australia,WOMEN,12/01/07,4.4
AUS,Australia,WOMEN,01/01/08,4.7
AUS,Australia,WOMEN,02/01/08,4.4
AUS,Australia,WOMEN,03/01/08,4.2
AUS,Australia,WOMEN,04/01/08,4.5
AUS,Australia,WOMEN,05/01/08,4.6
AUS,Australia,WOMEN,06/01/08,4.6
AUS,Australia,WOMEN,07/01/08,4.8
AUS,Australia,WOMEN,08/01/08,4.4
AUS,Australia,WOMEN,09/01/08,4.6
AUS,Australia,WOMEN,10/01/08,4.7
AUS,Australia,WOMEN,11/01/08,4.8
AUS,Australia,WOMEN,12/01/08,4.5
AUS,Australia,WOMEN,01/01/09,4.8
AUS,Australia,WOMEN,02/01/09,5.4
AUS,Australia,WOMEN,03/01/09,5.7
AUS,Australia,WOMEN,04/01/09,5.3
AUS,Australia,WOMEN,05/01/09,5.4
AUS,Australia,WOMEN,06/01/09,5.5
AUS,Australia,WOMEN,07/01/09,5.3
AUS,Australia,WOMEN,08/01/09,5.6
AUS,Australia,WOMEN,09/01/09,5.6
AUS,Australia,WOMEN,10/01/09,5.5
AUS,Australia,WOMEN,11/01/09,5.4
AUS,Australia,WOMEN,12/01/09,5.4
AUS,Australia,WOMEN,01/01/10,5.3
AUS,Australia,WOMEN,02/01/10,5.3
AUS,Australia,WOMEN,03/01/10,5.3
AUS,Australia,WOMEN,04/01/10,5.5
AUS,Australia,WOMEN,05/01/10,5.2
AUS,Australia,WOMEN,06/01/10,5.2
AUS,Australia,WOMEN,07/01/10,5.5
AUS,Australia,WOMEN,08/01/10,5.4
AUS,Australia,WOMEN,09/01/10,5.3
AUS,Australia,WOMEN,10/01/10,5.6
AUS,Australia,WOMEN,11/01/10,5.6
AUS,Australia,WOMEN,12/01/10,5.2
AUS,Australia,WOMEN,01/01/11,5.4
AUS,Australia,WOMEN,02/01/11,5.2
AUS,Australia,WOMEN,03/01/11,5.3
AUS,Australia,WOMEN,04/01/11,5.1
AUS,Australia,WOMEN,05/01/11,5.3
AUS,Australia,WOMEN,06/01/11,5.2
AUS,Australia,WOMEN,07/01/11,5.3
AUS,Australia,WOMEN,08/01/11,5.3
AUS,Australia,WOMEN,09/01/11,5.3
AUS,Australia,WOMEN,10/01/11,5.2
AUS,Australia,WOMEN,11/01/11,5.4
AUS,Australia,WOMEN,12/01/11,5.6
AUS,Australia,WOMEN,01/01/12,5.2
AUS,Australia,WOMEN,02/01/12,5.3
AUS,Australia,WOMEN,03/01/12,5.3
AUS,Australia,WOMEN,04/01/12,5.1
AUS,Australia,WOMEN,05/01/12,5.5
AUS,Australia,WOMEN,06/01/12,5.5
AUS,Australia,WOMEN,07/01/12,5.2
AUS,Australia,WOMEN,08/01/12,5
AUS,Australia,WOMEN,09/01/12,5.3
AUS,Australia,WOMEN,10/01/12,5.5
AUS,Australia,WOMEN,11/01/12,5.2
AUS,Australia,WOMEN,12/01/12,5.5
AUS,Australia,WOMEN,01/01/13,5.4
AUS,Australia,WOMEN,02/01/13,5.4
AUS,Australia,WOMEN,03/01/13,5.6
AUS,Australia,WOMEN,04/01/13,5.6
AUS,Australia,WOMEN,05/01/13,5.6
AUS,Australia,WOMEN,06/01/13,5.6
AUS,Australia,WOMEN,07/01/13,5.6
AUS,Australia,WOMEN,08/01/13,5.8
AUS,Australia,WOMEN,09/01/13,5.7
AUS,Australia,WOMEN,10/01/13,5.7
AUS,Australia,WOMEN,11/01/13,5.7
AUS,Australia,WOMEN,12/01/13,5.7
AUS,Australia,WOMEN,01/01/14,6
AUS,Australia,WOMEN,02/01/14,6
AUS,Australia,WOMEN,03/01/14,6.1
AUS,Australia,WOMEN,04/01/14,5.8
AUS,Australia,WOMEN,05/01/14,6.1
AUS,Australia,WOMEN,06/01/14,6
AUS,Australia,WOMEN,07/01/14,6.2
AUS,Australia,WOMEN,08/01/14,6.1
AUS,Australia,WOMEN,09/01/14,6.4
AUS,Australia,WOMEN,10/01/14,6.5
AUS,Australia,WOMEN,11/01/14,6.3
AUS,Australia,WOMEN,12/01/14,6.2
AUS,Australia,WOMEN,01/01/15,6.3
AUS,Australia,WOMEN,02/01/15,6.1
AUS,Australia,WOMEN,03/01/15,6.1
AUS,Australia,WOMEN,04/01/15,6.1
AUS,Australia,WOMEN,05/01/15,5.9
AUS,Australia,WOMEN,06/01/15,6
AUS,Australia,WOMEN,07/01/15,6.5
AUS,Australia,WOMEN,08/01/15,6
AUS,Australia,WOMEN,09/01/15,6.1
AUS,Australia,WOMEN,10/01/15,5.9
AUS,Australia,WOMEN,11/01/15,6
AUS,Australia,WOMEN,12/01/15,5.9
AUS,Australia,WOMEN,01/01/16,6
AUS,Australia,WOMEN,02/01/16,5.8
AUS,Australia,WOMEN,03/01/16,5.7
AUS,Australia,WOMEN,04/01/16,5.7
AUS,Australia,WOMEN,05/01/16,5.8
AUS,Australia,WOMEN,06/01/16,6
AUS,Australia,WOMEN,07/01/16,5.9
AUS,Australia,WOMEN,08/01/16,5.6
AUS,Australia,WOMEN,09/01/16,5.7
AUS,Australia,WOMEN,10/01/16,5.6
AUS,Australia,WOMEN,11/01/16,5.9
AUS,Australia,WOMEN,12/01/16,5.8
AUS,Australia,WOMEN,01/01/17,5.9
AUS,Australia,WOMEN,02/01/17,6
AUS,Australia,WOMEN,03/01/17,6
AUS,Australia,WOMEN,04/01/17,5.9
AUS,Australia,WOMEN,05/01/17,5.6
AUS,Australia,WOMEN,06/01/17,5.6
AUS,Australia,WOMEN,07/01/17,5.6
AUS,Australia,WOMEN,08/01/17,5.5
AUS,Australia,WOMEN,09/01/17,5.5
AUS,Australia,WOMEN,10/01/17,5.5
AUS,Australia,WOMEN,11/01/17,5.5
AUS,Australia,WOMEN,12/01/17,5.5
AUS,Australia,WOMEN,01/01/18,5.6
AUS,Australia,WOMEN,02/01/18,5.6
AUS,Australia,WOMEN,03/01/18,5.6
AUS,Australia,WOMEN,04/01/18,5.5
AUS,Australia,WOMEN,05/01/18,5.4
AUS,Australia,WOMEN,06/01/18,5.1
AUS,Australia,WOMEN,07/01/18,5.2
AUS,Australia,WOMEN,08/01/18,5.3
AUS,Australia,WOMEN,09/01/18,5.2
AUS,Australia,WOMEN,10/01/18,5
AUS,Australia,WOMEN,11/01/18,5.1
AUS,Australia,WOMEN,12/01/18,5.1
AUS,Australia,WOMEN,01/01/19,5.2
AUS,Australia,WOMEN,02/01/19,5
AUS,Australia,WOMEN,03/01/19,5.1
AUS,Australia,WOMEN,04/01/19,5.2
AUS,Australia,WOMEN,05/01/19,5.1
AUS,Australia,WOMEN,06/01/19,5.2
AUS,Australia,WOMEN,07/01/19,5.3
AUS,Australia,WOMEN,08/01/19,5.2
AUS,Australia,WOMEN,09/01/19,5
AUS,Australia,WOMEN,10/01/19,5.1
AUS,Australia,WOMEN,11/01/19,5.1
AUS,Australia,WOMEN,12/01/19,4.9
AUS,Australia,WOMEN,01/01/20,5.2
AUS,Australia,WOMEN,02/01/20,4.9
AUS,Australia,WOMEN,03/01/20,5.2
AUS,Australia,WOMEN,04/01/20,6
AUS,Australia,WOMEN,05/01/20,6.9
AUS,Australia,WOMEN,06/01/20,7.3
AUS,Australia,WOMEN,07/01/20,7.5
AUS,Australia,WOMEN,08/01/20,6.6
AUS,Australia,WOMEN,09/01/20,6.7
AUS,Australia,WOMEN,10/01/20,7
AUS,Australia,WOMEN,11/01/20,7.1
AUS,Australia,WOMEN,12/01/20,6.5
AUS,Australia,WOMEN,01/01/21,6.3
AUS,Australia,WOMEN,02/01/21,5.5
AUS,Australia,WOMEN,03/01/21,5.4
AUS,Australia,WOMEN,04/01/21,5.1
AUS,Australia,WOMEN,05/01/21,4.7
AUS,Australia,WOMEN,06/01/21,4.7
AUS,Australia,WOMEN,07/01/21,4.7
AUS,Australia,WOMEN,08/01/21,4.4
AUS,Australia,WOMEN,09/01/21,4.9
AUT,Austria,WOMEN,01/01/00,4.2
AUT,Austria,WOMEN,02/01/00,4.2
AUT,Austria,WOMEN,03/01/00,4.2
AUT,Austria,WOMEN,04/01/00,4.2
AUT,Austria,WOMEN,05/01/00,4.2
AUT,Austria,WOMEN,06/01/00,4.2
AUT,Austria,WOMEN,07/01/00,4.2
AUT,Austria,WOMEN,08/01/00,4.2
AUT,Austria,WOMEN,09/01/00,4.2
AUT,Austria,WOMEN,10/01/00,4.1
AUT,Austria,WOMEN,11/01/00,4
AUT,Austria,WOMEN,12/01/00,4
AUT,Austria,WOMEN,01/01/01,3.9
AUT,Austria,WOMEN,02/01/01,3.9
AUT,Austria,WOMEN,03/01/01,3.9
AUT,Austria,WOMEN,04/01/01,4
AUT,Austria,WOMEN,05/01/01,4.1
AUT,Austria,WOMEN,06/01/01,4.2
AUT,Austria,WOMEN,07/01/01,4.3
AUT,Austria,WOMEN,08/01/01,4.3
AUT,Austria,WOMEN,09/01/01,4.3
AUT,Austria,WOMEN,10/01/01,4.3
AUT,Austria,WOMEN,11/01/01,4.3
AUT,Austria,WOMEN,12/01/01,4.3
AUT,Austria,WOMEN,01/01/02,4.4
AUT,Austria,WOMEN,02/01/02,4.4
AUT,Austria,WOMEN,03/01/02,4.2
AUT,Austria,WOMEN,04/01/02,4
AUT,Austria,WOMEN,05/01/02,3.9
AUT,Austria,WOMEN,06/01/02,3.9
AUT,Austria,WOMEN,07/01/02,4.2
AUT,Austria,WOMEN,08/01/02,4.3
AUT,Austria,WOMEN,09/01/02,4.4
AUT,Austria,WOMEN,10/01/02,4.4
AUT,Austria,WOMEN,11/01/02,4.3
AUT,Austria,WOMEN,12/01/02,4.3
AUT,Austria,WOMEN,01/01/03,4.2
AUT,Austria,WOMEN,02/01/03,4.2
AUT,Austria,WOMEN,03/01/03,4.4
AUT,Austria,WOMEN,04/01/03,4.7
AUT,Austria,WOMEN,05/01/03,4.9
AUT,Austria,WOMEN,06/01/03,4.9
AUT,Austria,WOMEN,07/01/03,4.6
AUT,Austria,WOMEN,08/01/03,4.5
AUT,Austria,WOMEN,09/01/03,4.5
AUT,Austria,WOMEN,10/01/03,4.5
AUT,Austria,WOMEN,11/01/03,4.8
AUT,Austria,WOMEN,12/01/03,5.2
AUT,Austria,WOMEN,01/01/04,6.4
AUT,Austria,WOMEN,02/01/04,6.3
AUT,Austria,WOMEN,03/01/04,5.7
AUT,Austria,WOMEN,04/01/04,6.1
AUT,Austria,WOMEN,05/01/04,6.1
AUT,Austria,WOMEN,06/01/04,6.1
AUT,Austria,WOMEN,07/01/04,6.2
AUT,Austria,WOMEN,08/01/04,5.8
AUT,Austria,WOMEN,09/01/04,6.7
AUT,Austria,WOMEN,10/01/04,6.4
AUT,Austria,WOMEN,11/01/04,5.7
AUT,Austria,WOMEN,12/01/04,6.5
AUT,Austria,WOMEN,01/01/05,6
AUT,Austria,WOMEN,02/01/05,5.7
AUT,Austria,WOMEN,03/01/05,6
AUT,Austria,WOMEN,04/01/05,6
AUT,Austria,WOMEN,05/01/05,6.3
AUT,Austria,WOMEN,06/01/05,6.5
AUT,Austria,WOMEN,07/01/05,6.3
AUT,Austria,WOMEN,08/01/05,6.1
AUT,Austria,WOMEN,09/01/05,6.3
AUT,Austria,WOMEN,10/01/05,6
AUT,Austria,WOMEN,11/01/05,5.9
AUT,Austria,WOMEN,12/01/05,6.3
AUT,Austria,WOMEN,01/01/06,6
AUT,Austria,WOMEN,02/01/06,5.7
AUT,Austria,WOMEN,03/01/06,6.5
AUT,Austria,WOMEN,04/01/06,5.8
AUT,Austria,WOMEN,05/01/06,5.4
AUT,Austria,WOMEN,06/01/06,6.7
AUT,Austria,WOMEN,07/01/06,5.7
AUT,Austria,WOMEN,08/01/06,5.8
AUT,Austria,WOMEN,09/01/06,5.5
AUT,Austria,WOMEN,10/01/06,5.8
AUT,Austria,WOMEN,11/01/06,5.8
AUT,Austria,WOMEN,12/01/06,5.7
AUT,Austria,WOMEN,01/01/07,5.5
AUT,Austria,WOMEN,02/01/07,6
AUT,Austria,WOMEN,03/01/07,5.2
AUT,Austria,WOMEN,04/01/07,6.3
AUT,Austria,WOMEN,05/01/07,6.5
AUT,Austria,WOMEN,06/01/07,5.3
AUT,Austria,WOMEN,07/01/07,6.1
AUT,Austria,WOMEN,08/01/07,5.7
AUT,Austria,WOMEN,09/01/07,5.1
AUT,Austria,WOMEN,10/01/07,5.2
AUT,Austria,WOMEN,11/01/07,5.3
AUT,Austria,WOMEN,12/01/07,4.6
AUT,Austria,WOMEN,01/01/08,4.9
AUT,Austria,WOMEN,02/01/08,4.7
AUT,Austria,WOMEN,03/01/08,4.3
AUT,Austria,WOMEN,04/01/08,4.6
AUT,Austria,WOMEN,05/01/08,4.4
AUT,Austria,WOMEN,06/01/08,3.9
AUT,Austria,WOMEN,07/01/08,4.8
AUT,Austria,WOMEN,08/01/08,4.4
AUT,Austria,WOMEN,09/01/08,4.6
AUT,Austria,WOMEN,10/01/08,4.6
AUT,Austria,WOMEN,11/01/08,5.2
AUT,Austria,WOMEN,12/01/08,5.2
AUT,Austria,WOMEN,01/01/09,4.9
AUT,Austria,WOMEN,02/01/09,4.7
AUT,Austria,WOMEN,03/01/09,5.3
AUT,Austria,WOMEN,04/01/09,5.5
AUT,Austria,WOMEN,05/01/09,5.1
AUT,Austria,WOMEN,06/01/09,5.5
AUT,Austria,WOMEN,07/01/09,5.7
AUT,Austria,WOMEN,08/01/09,5.2
AUT,Austria,WOMEN,09/01/09,6.6
AUT,Austria,WOMEN,10/01/09,5.8
AUT,Austria,WOMEN,11/01/09,5.4
AUT,Austria,WOMEN,12/01/09,4.2
AUT,Austria,WOMEN,01/01/10,4.7
AUT,Austria,WOMEN,02/01/10,4.7
AUT,Austria,WOMEN,03/01/10,5
AUT,Austria,WOMEN,04/01/10,5.3
AUT,Austria,WOMEN,05/01/10,4.9
AUT,Austria,WOMEN,06/01/10,4.9
AUT,Austria,WOMEN,07/01/10,4.8
AUT,Austria,WOMEN,08/01/10,4.9
AUT,Austria,WOMEN,09/01/10,4.8
AUT,Austria,WOMEN,10/01/10,5.4
AUT,Austria,WOMEN,11/01/10,4.4
AUT,Austria,WOMEN,12/01/10,4.6
AUT,Austria,WOMEN,01/01/11,4.7
AUT,Austria,WOMEN,02/01/11,5.6
AUT,Austria,WOMEN,03/01/11,4.8
AUT,Austria,WOMEN,04/01/11,4.5
AUT,Austria,WOMEN,05/01/11,4.6
AUT,Austria,WOMEN,06/01/11,4.5
AUT,Austria,WOMEN,07/01/11,4.2
AUT,Austria,WOMEN,08/01/11,4.3
AUT,Austria,WOMEN,09/01/11,4.2
AUT,Austria,WOMEN,10/01/11,5.4
AUT,Austria,WOMEN,11/01/11,5.6
AUT,Austria,WOMEN,12/01/11,5.3
AUT,Austria,WOMEN,01/01/12,4.8
AUT,Austria,WOMEN,02/01/12,5.4
AUT,Austria,WOMEN,03/01/12,5.1
AUT,Austria,WOMEN,04/01/12,4.9
AUT,Austria,WOMEN,05/01/12,4.4
AUT,Austria,WOMEN,06/01/12,5.3
AUT,Austria,WOMEN,07/01/12,5.1
AUT,Austria,WOMEN,08/01/12,5.5
AUT,Austria,WOMEN,09/01/12,5.1
AUT,Austria,WOMEN,10/01/12,4.8
AUT,Austria,WOMEN,11/01/12,4.8
AUT,Austria,WOMEN,12/01/12,5
AUT,Austria,WOMEN,01/01/13,5.5
AUT,Austria,WOMEN,02/01/13,5.2
AUT,Austria,WOMEN,03/01/13,5.7
AUT,Austria,WOMEN,04/01/13,5.2
AUT,Austria,WOMEN,05/01/13,5.1
AUT,Austria,WOMEN,06/01/13,5.3
AUT,Austria,WOMEN,07/01/13,5.5
AUT,Austria,WOMEN,08/01/13,5.1
AUT,Austria,WOMEN,09/01/13,6.3
AUT,Austria,WOMEN,10/01/13,5.7
AUT,Austria,WOMEN,11/01/13,6.2
AUT,Austria,WOMEN,12/01/13,5.8
AUT,Austria,WOMEN,01/01/14,6.1
AUT,Austria,WOMEN,02/01/14,5.5
AUT,Austria,WOMEN,03/01/14,6.3
AUT,Austria,WOMEN,04/01/14,5
AUT,Austria,WOMEN,05/01/14,5.7
AUT,Austria,WOMEN,06/01/14,5.6
AUT,Austria,WOMEN,07/01/14,5.6
AUT,Austria,WOMEN,08/01/14,5.7
AUT,Austria,WOMEN,09/01/14,5.6
AUT,Austria,WOMEN,10/01/14,5.2
AUT,Austria,WOMEN,11/01/14,5.9
AUT,Austria,WOMEN,12/01/14,5.7
AUT,Austria,WOMEN,01/01/15,5.4
AUT,Austria,WOMEN,02/01/15,5.6
AUT,Austria,WOMEN,03/01/15,5.2
AUT,Austria,WOMEN,04/01/15,5.8
AUT,Austria,WOMEN,05/01/15,6
AUT,Austria,WOMEN,06/01/15,5.5
AUT,Austria,WOMEN,07/01/15,5.5
AUT,Austria,WOMEN,08/01/15,5.2
AUT,Austria,WOMEN,09/01/15,5.3
AUT,Austria,WOMEN,10/01/15,5.2
AUT,Austria,WOMEN,11/01/15,6.2
AUT,Austria,WOMEN,12/01/15,5.8
AUT,Austria,WOMEN,01/01/16,5.8
AUT,Austria,WOMEN,02/01/16,5.6
AUT,Austria,WOMEN,03/01/16,5.8
AUT,Austria,WOMEN,04/01/16,5.4
AUT,Austria,WOMEN,05/01/16,6.3
AUT,Austria,WOMEN,06/01/16,6
AUT,Austria,WOMEN,07/01/16,5.4
AUT,Austria,WOMEN,08/01/16,6.6
AUT,Austria,WOMEN,09/01/16,6.1
AUT,Austria,WOMEN,10/01/16,5.9
AUT,Austria,WOMEN,11/01/16,5.7
AUT,Austria,WOMEN,12/01/16,5.2
AUT,Austria,WOMEN,01/01/17,5.5
AUT,Austria,WOMEN,02/01/17,4.9
AUT,Austria,WOMEN,03/01/17,5.4
AUT,Austria,WOMEN,04/01/17,5
AUT,Austria,WOMEN,05/01/17,5.4
AUT,Austria,WOMEN,06/01/17,5.2
AUT,Austria,WOMEN,07/01/17,4.9
AUT,Austria,WOMEN,08/01/17,5.5
AUT,Austria,WOMEN,09/01/17,5.2
AUT,Austria,WOMEN,10/01/17,5
AUT,Austria,WOMEN,11/01/17,5.5
AUT,Austria,WOMEN,12/01/17,5.6
AUT,Austria,WOMEN,01/01/18,4.7
AUT,Austria,WOMEN,02/01/18,5.1
AUT,Austria,WOMEN,03/01/18,4.8
AUT,Austria,WOMEN,04/01/18,4.7
AUT,Austria,WOMEN,05/01/18,4.6
AUT,Austria,WOMEN,06/01/18,4.6
AUT,Austria,WOMEN,07/01/18,5
AUT,Austria,WOMEN,08/01/18,5.8
AUT,Austria,WOMEN,09/01/18,5.3
AUT,Austria,WOMEN,10/01/18,4.4
AUT,Austria,WOMEN,11/01/18,4.6
AUT,Austria,WOMEN,12/01/18,5
AUT,Austria,WOMEN,01/01/19,4.3
AUT,Austria,WOMEN,02/01/19,5
AUT,Austria,WOMEN,03/01/19,4.5
AUT,Austria,WOMEN,04/01/19,5.1
AUT,Austria,WOMEN,05/01/19,4.7
AUT,Austria,WOMEN,06/01/19,4.3
AUT,Austria,WOMEN,07/01/19,4.8
AUT,Austria,WOMEN,08/01/19,4.9
AUT,Austria,WOMEN,09/01/19,4
AUT,Austria,WOMEN,10/01/19,4.6
AUT,Austria,WOMEN,11/01/19,4.1
AUT,Austria,WOMEN,12/01/19,4.3
AUT,Austria,WOMEN,01/01/20,4.5
AUT,Austria,WOMEN,02/01/20,4.2
AUT,Austria,WOMEN,03/01/20,4.7
AUT,Austria,WOMEN,04/01/20,6.4
AUT,Austria,WOMEN,05/01/20,6.8
AUT,Austria,WOMEN,06/01/20,7.9
AUT,Austria,WOMEN,07/01/20,6.5
AUT,Austria,WOMEN,08/01/20,5.9
AUT,Austria,WOMEN,09/01/20,6.2
AUT,Austria,WOMEN,10/01/20,5.8
AUT,Austria,WOMEN,11/01/20,5.7
AUT,Austria,WOMEN,12/01/20,6.6
AUT,Austria,WOMEN,01/01/21,7.3
AUT,Austria,WOMEN,02/01/21,7.1
AUT,Austria,WOMEN,03/01/21,6.9
AUT,Austria,WOMEN,04/01/21,7.2
AUT,Austria,WOMEN,05/01/21,6.5
AUT,Austria,WOMEN,06/01/21,5.9
AUT,Austria,WOMEN,07/01/21,6
AUT,Austria,WOMEN,08/01/21,5.7
AUT,Austria,WOMEN,09/01/21,4.9
BEL,Belgium,WOMEN,01/01/00,8.8
BEL,Belgium,WOMEN,02/01/00,8.4
BEL,Belgium,WOMEN,03/01/00,8.3
BEL,Belgium,WOMEN,04/01/00,8.7
BEL,Belgium,WOMEN,05/01/00,8.7
BEL,Belgium,WOMEN,06/01/00,8.6
BEL,Belgium,WOMEN,07/01/00,8.3
BEL,Belgium,WOMEN,08/01/00,8.5
BEL,Belgium,WOMEN,09/01/00,8.5
BEL,Belgium,WOMEN,10/01/00,8.7
BEL,Belgium,WOMEN,11/01/00,8.5
BEL,Belgium,WOMEN,12/01/00,8.1
BEL,Belgium,WOMEN,01/01/01,7.4
BEL,Belgium,WOMEN,02/01/01,7.1
BEL,Belgium,WOMEN,03/01/01,7.1
BEL,Belgium,WOMEN,04/01/01,7.4
BEL,Belgium,WOMEN,05/01/01,7.5
BEL,Belgium,WOMEN,06/01/01,7.2
BEL,Belgium,WOMEN,07/01/01,6.7
BEL,Belgium,WOMEN,08/01/01,6.7
BEL,Belgium,WOMEN,09/01/01,7.2
BEL,Belgium,WOMEN,10/01/01,8.1
BEL,Belgium,WOMEN,11/01/01,8.5
BEL,Belgium,WOMEN,12/01/01,8.8
BEL,Belgium,WOMEN,01/01/02,9
BEL,Belgium,WOMEN,02/01/02,9
BEL,Belgium,WOMEN,03/01/02,8.8
BEL,Belgium,WOMEN,04/01/02,8.3
BEL,Belgium,WOMEN,05/01/02,8.2
BEL,Belgium,WOMEN,06/01/02,8.3
BEL,Belgium,WOMEN,07/01/02,8.8
BEL,Belgium,WOMEN,08/01/02,8.8
BEL,Belgium,WOMEN,09/01/02,8.8
BEL,Belgium,WOMEN,10/01/02,8.5
BEL,Belgium,WOMEN,11/01/02,8.5
BEL,Belgium,WOMEN,12/01/02,8.6
BEL,Belgium,WOMEN,01/01/03,9
BEL,Belgium,WOMEN,02/01/03,9.1
BEL,Belgium,WOMEN,03/01/03,8.9
BEL,Belgium,WOMEN,04/01/03,8.6
BEL,Belgium,WOMEN,05/01/03,8.5
BEL,Belgium,WOMEN,06/01/03,8.5
BEL,Belgium,WOMEN,07/01/03,8.7
BEL,Belgium,WOMEN,08/01/03,8.7
BEL,Belgium,WOMEN,09/01/03,8.9
BEL,Belgium,WOMEN,10/01/03,8.9
BEL,Belgium,WOMEN,11/01/03,9
BEL,Belgium,WOMEN,12/01/03,9.3
BEL,Belgium,WOMEN,01/01/04,9.7
BEL,Belgium,WOMEN,02/01/04,9.8
BEL,Belgium,WOMEN,03/01/04,9.5
BEL,Belgium,WOMEN,04/01/04,8.7
BEL,Belgium,WOMEN,05/01/04,8.6
BEL,Belgium,WOMEN,06/01/04,9.1
BEL,Belgium,WOMEN,07/01/04,9.9
BEL,Belgium,WOMEN,08/01/04,10.3
BEL,Belgium,WOMEN,09/01/04,10.3
BEL,Belgium,WOMEN,10/01/04,9.8
BEL,Belgium,WOMEN,11/01/04,9.3
BEL,Belgium,WOMEN,12/01/04,9.2
BEL,Belgium,WOMEN,01/01/05,9.4
BEL,Belgium,WOMEN,02/01/05,9.6
BEL,Belgium,WOMEN,03/01/05,9.7
BEL,Belgium,WOMEN,04/01/05,9.5
BEL,Belgium,WOMEN,05/01/05,9.5
BEL,Belgium,WOMEN,06/01/05,9.6
BEL,Belgium,WOMEN,07/01/05,9.7
BEL,Belgium,WOMEN,08/01/05,9.6
BEL,Belgium,WOMEN,09/01/05,9.7
BEL,Belgium,WOMEN,10/01/05,9.4
BEL,Belgium,WOMEN,11/01/05,9.3
BEL,Belgium,WOMEN,12/01/05,9.3
BEL,Belgium,WOMEN,01/01/06,9.3
BEL,Belgium,WOMEN,02/01/06,9.3
BEL,Belgium,WOMEN,03/01/06,9.3
BEL,Belgium,WOMEN,04/01/06,9.4
BEL,Belgium,WOMEN,05/01/06,9.6
BEL,Belgium,WOMEN,06/01/06,9.5
BEL,Belgium,WOMEN,07/01/06,9.3
BEL,Belgium,WOMEN,08/01/06,9.2
BEL,Belgium,WOMEN,09/01/06,9.3
BEL,Belgium,WOMEN,10/01/06,9.2
BEL,Belgium,WOMEN,11/01/06,9.1
BEL,Belgium,WOMEN,12/01/06,9
BEL,Belgium,WOMEN,01/01/07,9
BEL,Belgium,WOMEN,02/01/07,9
BEL,Belgium,WOMEN,03/01/07,9.2
BEL,Belgium,WOMEN,04/01/07,9.6
BEL,Belgium,WOMEN,05/01/07,9.5
BEL,Belgium,WOMEN,06/01/07,8.8
BEL,Belgium,WOMEN,07/01/07,8
BEL,Belgium,WOMEN,08/01/07,7.5
BEL,Belgium,WOMEN,09/01/07,7.4
BEL,Belgium,WOMEN,10/01/07,7.8
BEL,Belgium,WOMEN,11/01/07,8
BEL,Belgium,WOMEN,12/01/07,8
BEL,Belgium,WOMEN,01/01/08,7.8
BEL,Belgium,WOMEN,02/01/08,7.5
BEL,Belgium,WOMEN,03/01/08,7.2
BEL,Belgium,WOMEN,04/01/08,7
BEL,Belgium,WOMEN,05/01/08,7
BEL,Belgium,WOMEN,06/01/08,7.3
BEL,Belgium,WOMEN,07/01/08,7.9
BEL,Belgium,WOMEN,08/01/08,8
BEL,Belgium,WOMEN,09/01/08,7.9
BEL,Belgium,WOMEN,10/01/08,7.8
BEL,Belgium,WOMEN,11/01/08,7.6
BEL,Belgium,WOMEN,12/01/08,7.9
BEL,Belgium,WOMEN,01/01/09,8.2
BEL,Belgium,WOMEN,02/01/09,8.3
BEL,Belgium,WOMEN,03/01/09,8.3
BEL,Belgium,WOMEN,04/01/09,8
BEL,Belgium,WOMEN,05/01/09,7.8
BEL,Belgium,WOMEN,06/01/09,8
BEL,Belgium,WOMEN,07/01/09,8.3
BEL,Belgium,WOMEN,08/01/09,8.4
BEL,Belgium,WOMEN,09/01/09,8.2
BEL,Belgium,WOMEN,10/01/09,7.8
BEL,Belgium,WOMEN,11/01/09,7.9
BEL,Belgium,WOMEN,12/01/09,8.3
BEL,Belgium,WOMEN,01/01/10,9
BEL,Belgium,WOMEN,02/01/10,8.9
BEL,Belgium,WOMEN,03/01/10,8.7
BEL,Belgium,WOMEN,04/01/10,8.6
BEL,Belgium,WOMEN,05/01/10,8.5
BEL,Belgium,WOMEN,06/01/10,8.5
BEL,Belgium,WOMEN,07/01/10,8.6
BEL,Belgium,WOMEN,08/01/10,8.5
BEL,Belgium,WOMEN,09/01/10,8.5
BEL,Belgium,WOMEN,10/01/10,8.5
BEL,Belgium,WOMEN,11/01/10,8.2
BEL,Belgium,WOMEN,12/01/10,7.8
BEL,Belgium,WOMEN,01/01/11,7.1
BEL,Belgium,WOMEN,02/01/11,6.7
BEL,Belgium,WOMEN,03/01/11,6.7
BEL,Belgium,WOMEN,04/01/11,6.8
BEL,Belgium,WOMEN,05/01/11,7
BEL,Belgium,WOMEN,06/01/11,7.2
BEL,Belgium,WOMEN,07/01/11,7.5
BEL,Belgium,WOMEN,08/01/11,7.6
BEL,Belgium,WOMEN,09/01/11,7.6
BEL,Belgium,WOMEN,10/01/11,7.4
BEL,Belgium,WOMEN,11/01/11,7.3
BEL,Belgium,WOMEN,12/01/11,7.1
BEL,Belgium,WOMEN,01/01/12,7.1
BEL,Belgium,WOMEN,02/01/12,7.2
BEL,Belgium,WOMEN,03/01/12,7.2
BEL,Belgium,WOMEN,04/01/12,7.4
BEL,Belgium,WOMEN,05/01/12,7.5
BEL,Belgium,WOMEN,06/01/12,7.5
BEL,Belgium,WOMEN,07/01/12,7.4
BEL,Belgium,WOMEN,08/01/12,7.4
BEL,Belgium,WOMEN,09/01/12,7.4
BEL,Belgium,WOMEN,10/01/12,7.5
BEL,Belgium,WOMEN,11/01/12,7.6
BEL,Belgium,WOMEN,12/01/12,7.7
BEL,Belgium,WOMEN,01/01/13,7.9
BEL,Belgium,WOMEN,02/01/13,8.1
BEL,Belgium,WOMEN,03/01/13,8.2
BEL,Belgium,WOMEN,04/01/13,8.3
BEL,Belgium,WOMEN,05/01/13,8.4
BEL,Belgium,WOMEN,06/01/13,8.2
BEL,Belgium,WOMEN,07/01/13,8.1
BEL,Belgium,WOMEN,08/01/13,8
BEL,Belgium,WOMEN,09/01/13,8.1
BEL,Belgium,WOMEN,10/01/13,8.3
BEL,Belgium,WOMEN,11/01/13,8.3
BEL,Belgium,WOMEN,12/01/13,8.3
BEL,Belgium,WOMEN,01/01/14,8.2
BEL,Belgium,WOMEN,02/01/14,8
BEL,Belgium,WOMEN,03/01/14,7.8
BEL,Belgium,WOMEN,04/01/14,7.6
BEL,Belgium,WOMEN,05/01/14,7.5
BEL,Belgium,WOMEN,06/01/14,7.6
BEL,Belgium,WOMEN,07/01/14,7.8
BEL,Belgium,WOMEN,08/01/14,7.9
BEL,Belgium,WOMEN,09/01/14,8.2
BEL,Belgium,WOMEN,10/01/14,8.3
BEL,Belgium,WOMEN,11/01/14,8.3
BEL,Belgium,WOMEN,12/01/14,8.3
BEL,Belgium,WOMEN,01/01/15,8.1
BEL,Belgium,WOMEN,02/01/15,8
BEL,Belgium,WOMEN,03/01/15,7.9
BEL,Belgium,WOMEN,04/01/15,7.6
BEL,Belgium,WOMEN,05/01/15,7.4
BEL,Belgium,WOMEN,06/01/15,7.4
BEL,Belgium,WOMEN,07/01/15,7.3
BEL,Belgium,WOMEN,08/01/15,7.4
BEL,Belgium,WOMEN,09/01/15,7.7
BEL,Belgium,WOMEN,10/01/15,8.1
BEL,Belgium,WOMEN,11/01/15,8.3
BEL,Belgium,WOMEN,12/01/15,8.2
BEL,Belgium,WOMEN,01/01/16,7.8
BEL,Belgium,WOMEN,02/01/16,7.7
BEL,Belgium,WOMEN,03/01/16,7.8
BEL,Belgium,WOMEN,04/01/16,8.2
BEL,Belgium,WOMEN,05/01/16,8.3
BEL,Belgium,WOMEN,06/01/16,8.2
BEL,Belgium,WOMEN,07/01/16,7.9
BEL,Belgium,WOMEN,08/01/16,7.6
BEL,Belgium,WOMEN,09/01/16,7.2
BEL,Belgium,WOMEN,10/01/16,6.7
BEL,Belgium,WOMEN,11/01/16,6.6
BEL,Belgium,WOMEN,12/01/16,7
BEL,Belgium,WOMEN,01/01/17,7.7
BEL,Belgium,WOMEN,02/01/17,8.1
BEL,Belgium,WOMEN,03/01/17,8.1
BEL,Belgium,WOMEN,04/01/17,7.6
BEL,Belgium,WOMEN,05/01/17,7.2
BEL,Belgium,WOMEN,06/01/17,6.9
BEL,Belgium,WOMEN,07/01/17,6.8
BEL,Belgium,WOMEN,08/01/17,6.6
BEL,Belgium,WOMEN,09/01/17,6.6
BEL,Belgium,WOMEN,10/01/17,6.6
BEL,Belgium,WOMEN,11/01/17,6.4
BEL,Belgium,WOMEN,12/01/17,6.2
BEL,Belgium,WOMEN,01/01/18,5.8
BEL,Belgium,WOMEN,02/01/18,5.7
BEL,Belgium,WOMEN,03/01/18,5.8
BEL,Belgium,WOMEN,04/01/18,6.1
BEL,Belgium,WOMEN,05/01/18,6.1
BEL,Belgium,WOMEN,06/01/18,5.8
BEL,Belgium,WOMEN,07/01/18,5.4
BEL,Belgium,WOMEN,08/01/18,5.1
BEL,Belgium,WOMEN,09/01/18,5.1
BEL,Belgium,WOMEN,10/01/18,5.4
BEL,Belgium,WOMEN,11/01/18,5.4
BEL,Belgium,WOMEN,12/01/18,5.3
BEL,Belgium,WOMEN,01/01/19,5.1
BEL,Belgium,WOMEN,02/01/19,4.9
BEL,Belgium,WOMEN,03/01/19,4.9
BEL,Belgium,WOMEN,04/01/19,5
BEL,Belgium,WOMEN,05/01/19,5.1
BEL,Belgium,WOMEN,06/01/19,5.1
BEL,Belgium,WOMEN,07/01/19,5.1
BEL,Belgium,WOMEN,08/01/19,5
BEL,Belgium,WOMEN,09/01/19,4.9
BEL,Belgium,WOMEN,10/01/19,4.8
BEL,Belgium,WOMEN,11/01/19,4.7
BEL,Belgium,WOMEN,12/01/19,4.8
BEL,Belgium,WOMEN,01/01/20,4.9
BEL,Belgium,WOMEN,02/01/20,4.9
BEL,Belgium,WOMEN,03/01/20,4.8
BEL,Belgium,WOMEN,04/01/20,4.6
BEL,Belgium,WOMEN,05/01/20,4.7
BEL,Belgium,WOMEN,06/01/20,5
BEL,Belgium,WOMEN,07/01/20,5.8
BEL,Belgium,WOMEN,08/01/20,6.2
BEL,Belgium,WOMEN,09/01/20,6.1
BEL,Belgium,WOMEN,10/01/20,5.6
BEL,Belgium,WOMEN,11/01/20,5.6
BEL,Belgium,WOMEN,12/01/20,5.8
BEL,Belgium,WOMEN,01/01/21,6.4
BEL,Belgium,WOMEN,02/01/21,6.7
BEL,Belgium,WOMEN,03/01/21,6.8
BEL,Belgium,WOMEN,04/01/21,6.7
BEL,Belgium,WOMEN,05/01/21,6.5
BEL,Belgium,WOMEN,06/01/21,6.2
BEL,Belgium,WOMEN,07/01/21,5.9
BEL,Belgium,WOMEN,08/01/21,5.7
BEL,Belgium,WOMEN,09/01/21,5.5